_id,id,available,description,featured,mrp,price,updated_at,_migrated_at,_migrated_from
"6a89a3043fb8c43ecce7c3b2","43","true","","false","","185.00","2026-07-12T11:51:47.470Z","""2026-08-22T13:49:11.896Z""","""public"".""menu_overrides"""
"6a89a3043fb8c43ecce7c3b3","42","true","","false","","690.00","2026-07-12T11:51:49.166Z","""2026-08-22T13:49:11.896Z""","""public"".""menu_overrides"""
"6a89a3043fb8c43ecce7c3b4","33","true","6pic","false","215.00","195.00","2026-08-16T20:20:57.863Z","""2026-08-22T13:49:11.896Z""","""public"".""menu_overrides"""
"6a89a3043fb8c43ecce7c3b5","44","true","","true","870.00","855.00","2026-07-12T11:54:37.308Z","""2026-08-22T13:49:11.896Z""","""public"".""menu_overrides"""
"6a89a3043fb8c43ecce7c3b6","169","false","","false","","25.00","2026-08-03T11:46:12.416Z","""2026-08-22T13:49:11.896Z""","""public"".""menu_overrides"""
"6a89a3043fb8c43ecce7c3b7","180","false","","false","","75.00","2026-08-03T11:46:25.679Z","""2026-08-22T13:49:11.896Z""","""public"".""menu_overrides"""
"6a89a3043fb8c43ecce7c3b8","190","false","","false","","55.00","2026-08-03T11:46:44.953Z","""2026-08-22T13:49:11.896Z""","""public"".""menu_overrides"""
"6a89a3043fb8c43ecce7c3b9","195","false","","false","","55.00","2026-08-03T11:46:56.202Z","""2026-08-22T13:49:11.896Z""","""public"".""menu_overrides"""
"6a89a3043fb8c43ecce7c3ba","153","true","","false","","50.00","2026-08-03T11:47:41.219Z","""2026-08-22T13:49:11.896Z""","""public"".""menu_overrides"""
"6a89a3043fb8c43ecce7c3bb","148","false","","false","","395.00","2026-08-03T11:48:05.717Z","""2026-08-22T13:49:11.896Z""","""public"".""menu_overrides"""
"6a89a3043fb8c43ecce7c3bc","89","false","","false","","195.00","2026-08-03T11:48:45.572Z","""2026-08-22T13:49:11.896Z""","""public"".""menu_overrides"""
"6a89a3043fb8c43ecce7c3bd","94","false","","false","","205.00","2026-08-03T11:48:50.251Z","""2026-08-22T13:49:11.896Z""","""public"".""menu_overrides"""
"6a89a3043fb8c43ecce7c3be","75","true","","false","","70.00","2026-08-03T11:49:22.015Z","""2026-08-22T13:49:11.896Z""","""public"".""menu_overrides"""
"6a89a3043fb8c43ecce7c3bf","111","false","","false","","105.00","2026-08-03T11:50:36.979Z","""2026-08-22T13:49:11.896Z""","""public"".""menu_overrides"""
"6a89a3043fb8c43ecce7c3c0","114","false","","false","","125.00","2026-08-03T11:50:46.022Z","""2026-08-22T13:49:11.896Z""","""public"".""menu_overrides"""
"6a89a3043fb8c43ecce7c3c1","58","true","","false","","140.00","2026-08-19T13:04:53.496Z","""2026-08-22T13:49:11.896Z""","""public"".""menu_overrides"""
"6a89a3043fb8c43ecce7c3c2","59","true","","false","","100.00","2026-08-19T13:04:55.505Z","""2026-08-22T13:49:11.896Z""","""public"".""menu_overrides"""
"6a89a3043fb8c43ecce7c3c3","61","true","","false","","90.00","2026-08-19T13:04:58.768Z","""2026-08-22T13:49:11.896Z""","""public"".""menu_overrides"""
"6a89a3043fb8c43ecce7c3c4","62","true","","true","","895.00","2026-08-19T13:05:03.980Z","""2026-08-22T13:49:11.896Z""","""public"".""menu_overrides"""
"6a89a3043fb8c43ecce7c3c5","60","false","","false","","245.00","2026-08-22T08:42:46.223Z","""2026-08-22T13:49:11.896Z""","""public"".""menu_overrides"""
"6a89a3043fb8c43ecce7c3c6","31","true","6pic","false","","225.00","2026-07-15T13:14:07.343Z","""2026-08-22T13:49:11.896Z""","""public"".""menu_overrides"""
"6a89a3043fb8c43ecce7c3c7","32","true","6pic","false","","180.00","2026-07-15T13:14:26.695Z","""2026-08-22T13:49:11.896Z""","""public"".""menu_overrides"""
"6a89a3043fb8c43ecce7c3c8","11","false","","false","","95.00","2026-07-11T16:24:16.929Z","""2026-08-22T13:49:11.896Z""","""public"".""menu_overrides"""
"6a89a3043fb8c43ecce7c3c9","93","false","","false","","270.00","2026-07-11T16:25:28.061Z","""2026-08-22T13:49:11.896Z""","""public"".""menu_overrides"""
"6a89a3043fb8c43ecce7c3ca","129","false","","false","","260.00","2026-07-11T16:27:34.102Z","""2026-08-22T13:49:11.896Z""","""public"".""menu_overrides"""
"6a89a3043fb8c43ecce7c3cb","127","false","","false","","255.00","2026-07-11T16:27:40.790Z","""2026-08-22T13:49:11.896Z""","""public"".""menu_overrides"""
"6a89a3043fb8c43ecce7c3cc","128","false","","false","","265.00","2026-07-11T16:27:45.926Z","""2026-08-22T13:49:11.896Z""","""public"".""menu_overrides"""
"6a89a3043fb8c43ecce7c3cd","147","false","","false","","285.00","2026-07-11T16:45:02.368Z","""2026-08-22T13:49:11.896Z""","""public"".""menu_overrides"""
"6a89a3043fb8c43ecce7c3ce","146","false","","false","","205.00","2026-07-11T16:45:07.383Z","""2026-08-22T13:49:11.896Z""","""public"".""menu_overrides"""
"6a89a3043fb8c43ecce7c3cf","145","false","","false","","165.00","2026-07-11T16:45:09.620Z","""2026-08-22T13:49:11.896Z""","""public"".""menu_overrides"""
"6a89a3043fb8c43ecce7c3d0","144","false","","false","","135.00","2026-07-11T16:45:12.429Z","""2026-08-22T13:49:11.896Z""","""public"".""menu_overrides"""
"6a89a3043fb8c43ecce7c3d1","161","false","","false","","75.00","2026-07-11T16:45:50.168Z","""2026-08-22T13:49:11.896Z""","""public"".""menu_overrides"""
"6a89a3043fb8c43ecce7c3d2","162","false","","false","","80.00","2026-07-11T16:46:22.114Z","""2026-08-22T13:49:11.896Z""","""public"".""menu_overrides"""
"6a89a3043fb8c43ecce7c3d3","163","false","","false","","85.00","2026-07-11T16:46:24.209Z","""2026-08-22T13:49:11.896Z""","""public"".""menu_overrides"""
"6a89a3043fb8c43ecce7c3d4","165","false","","false","","95.00","2026-07-11T16:46:30.958Z","""2026-08-22T13:49:11.896Z""","""public"".""menu_overrides"""
"6a89a3043fb8c43ecce7c3d5","164","false","","false","","90.00","2026-07-11T16:46:32.811Z","""2026-08-22T13:49:11.896Z""","""public"".""menu_overrides"""
"6a89a3043fb8c43ecce7c3d6","23","true","6pic","false","","180.00","2026-07-15T13:15:20.182Z","""2026-08-22T13:49:11.896Z""","""public"".""menu_overrides"""
"6a89a3043fb8c43ecce7c3d7","16","false","","false","","40.00","2026-08-13T17:18:30.174Z","""2026-08-22T13:49:11.896Z""","""public"".""menu_overrides"""
"6a89a3043fb8c43ecce7c3d8","25","true","","false","","355.00","2026-08-14T06:55:47.952Z","""2026-08-22T13:49:11.896Z""","""public"".""menu_overrides"""
"6a89a3043fb8c43ecce7c3d9","101","true","","false","","345.00","2026-08-14T06:56:19.767Z","""2026-08-22T13:49:11.896Z""","""public"".""menu_overrides"""
"6a89a3043fb8c43ecce7c3da","102","true","","false","","235.00","2026-08-14T06:56:23.558Z","""2026-08-22T13:49:11.896Z""","""public"".""menu_overrides"""
"6a89a3043fb8c43ecce7c3db","104","true","","false","","370.00","2026-08-14T06:56:31.150Z","""2026-08-22T13:49:11.896Z""","""public"".""menu_overrides"""
"6a89a3043fb8c43ecce7c3dc","103","true","","false","","385.00","2026-08-14T06:56:33.868Z","""2026-08-22T13:49:11.896Z""","""public"".""menu_overrides"""
"6a89a3043fb8c43ecce7c3dd","34","true","","false","","290.00","2026-07-12T11:19:01.341Z","""2026-08-22T13:49:11.896Z""","""public"".""menu_overrides"""
"6a89a3043fb8c43ecce7c3de","35","true","","false","","425.00","2026-07-12T11:19:01.962Z","""2026-08-22T13:49:11.896Z""","""public"".""menu_overrides"""
"6a89a3043fb8c43ecce7c3df","36","true","","false","","230.00","2026-07-12T11:19:02.604Z","""2026-08-22T13:49:11.896Z""","""public"".""menu_overrides"""
"6a89a3043fb8c43ecce7c3e0","37","true","","false","","210.00","2026-07-12T11:19:03.457Z","""2026-08-22T13:49:11.896Z""","""public"".""menu_overrides"""
"6a89a3043fb8c43ecce7c3e1","38","true","","false","","215.00","2026-07-12T11:19:04.320Z","""2026-08-22T13:49:11.896Z""","""public"".""menu_overrides"""
"6a89a3043fb8c43ecce7c3e2","1","true","","false","","75.00","2026-07-12T11:19:32.072Z","""2026-08-22T13:49:11.896Z""","""public"".""menu_overrides"""
"6a89a3043fb8c43ecce7c3e3","193","false","","false","","55.00","2026-07-17T14:11:15.414Z","""2026-08-22T13:49:11.896Z""","""public"".""menu_overrides"""
"6a89a3043fb8c43ecce7c3e4","196","false","","false","","95.00","2026-07-17T14:11:23.047Z","""2026-08-22T13:49:11.896Z""","""public"".""menu_overrides"""
"6a89a3043fb8c43ecce7c3e5","95","false","","false","","285.00","2026-07-22T15:53:56.954Z","""2026-08-22T13:49:11.896Z""","""public"".""menu_overrides"""
"6a89a3043fb8c43ecce7c3e6","131","false","","false","","270.00","2026-07-22T15:54:37.225Z","""2026-08-22T13:49:11.896Z""","""public"".""menu_overrides"""
"6a89a3043fb8c43ecce7c3e7","167","false","","false","","45.00","2026-07-22T15:55:19.249Z","""2026-08-22T13:49:11.896Z""","""public"".""menu_overrides"""
"6a89a3043fb8c43ecce7c3e8","166","false","","false","","100.00","2026-07-22T15:55:21.668Z","""2026-08-22T13:49:11.896Z""","""public"".""menu_overrides"""
"6a89a3043fb8c43ecce7c3e9","168","false","","false","","55.00","2026-07-22T15:55:24.866Z","""2026-08-22T13:49:11.896Z""","""public"".""menu_overrides"""
"6a89a3043fb8c43ecce7c3ea","170","false","","false","","35.00","2026-07-22T15:55:31.772Z","""2026-08-22T13:49:11.896Z""","""public"".""menu_overrides"""
"6a89a3043fb8c43ecce7c3eb","171","false","","false","","55.00","2026-07-22T15:55:35.590Z","""2026-08-22T13:49:11.896Z""","""public"".""menu_overrides"""
"6a89a3043fb8c43ecce7c3ec","172","false","","false","","60.00","2026-07-22T15:55:37.065Z","""2026-08-22T13:49:11.896Z""","""public"".""menu_overrides"""
"6a89a3043fb8c43ecce7c3ed","173","false","","false","","65.00","2026-07-22T15:55:39.102Z","""2026-08-22T13:49:11.896Z""","""public"".""menu_overrides"""
"6a89a3043fb8c43ecce7c3ee","174","false","","false","","35.00","2026-07-22T15:55:41.180Z","""2026-08-22T13:49:11.896Z""","""public"".""menu_overrides"""
"6a89a3043fb8c43ecce7c3ef","175","false","","false","","45.00","2026-07-22T15:55:43.182Z","""2026-08-22T13:49:11.896Z""","""public"".""menu_overrides"""
"6a89a3043fb8c43ecce7c3f0","182","false","","false","","85.00","2026-07-22T15:56:11.407Z","""2026-08-22T13:49:11.896Z""","""public"".""menu_overrides"""
"6a89a3043fb8c43ecce7c3f1","184","false","","false","","85.00","2026-07-22T15:56:17.807Z","""2026-08-22T13:49:11.896Z""","""public"".""menu_overrides"""
"6a89a3043fb8c43ecce7c3f2","187","false","","false","","95.00","2026-07-22T15:56:26.662Z","""2026-08-22T13:49:11.896Z""","""public"".""menu_overrides"""
"6a89a3043fb8c43ecce7c3f3","186","false","","false","","95.00","2026-07-22T15:56:32.443Z","""2026-08-22T13:49:11.896Z""","""public"".""menu_overrides"""
"6a89a3043fb8c43ecce7c3f4","105","true","","false","","390.00","2026-08-14T06:56:40.282Z","""2026-08-22T13:49:11.896Z""","""public"".""menu_overrides"""
"6a89a3043fb8c43ecce7c3f5","106","true","","false","","490.00","2026-08-14T06:56:44.677Z","""2026-08-22T13:49:11.896Z""","""public"".""menu_overrides"""
"6a89a3043fb8c43ecce7c3f6","30","true","6pic","false","","165.00","2026-08-14T16:10:07.357Z","""2026-08-22T13:49:11.896Z""","""public"".""menu_overrides"""
"6a89a3043fb8c43ecce7c3f7","39","true","","false","","390.00","2026-08-15T12:19:47.990Z","""2026-08-22T13:49:11.896Z""","""public"".""menu_overrides"""
"6a89a3043fb8c43ecce7c3f8","40","true","","false","","210.00","2026-08-15T12:19:49.933Z","""2026-08-22T13:49:11.896Z""","""public"".""menu_overrides"""
"6a89a3043fb8c43ecce7c3f9","41","true","","false","","110.00","2026-08-15T12:19:52.091Z","""2026-08-22T13:49:11.896Z""","""public"".""menu_overrides"""
"6a89a3043fb8c43ecce7c3fa","8","false","","false","","90.00","2026-07-25T16:32:54.112Z","""2026-08-22T13:49:11.896Z""","""public"".""menu_overrides"""
"6a89a3043fb8c43ecce7c3fb","27","false","","false","","75.00","2026-07-25T16:33:22.318Z","""2026-08-22T13:49:11.896Z""","""public"".""menu_overrides"""
"6a89a3043fb8c43ecce7c3fc","28","false","","false","","95.00","2026-07-25T16:33:24.411Z","""2026-08-22T13:49:11.896Z""","""public"".""menu_overrides"""
"6a89a3043fb8c43ecce7c3fd","29","false","","false","","235.00","2026-07-25T16:33:26.437Z","""2026-08-22T13:49:11.896Z""","""public"".""menu_overrides"""
"6a89a3043fb8c43ecce7c3fe","76","false","","false","","85.00","2026-07-25T16:34:29.051Z","""2026-08-22T13:49:11.896Z""","""public"".""menu_overrides"""
"6a89a3043fb8c43ecce7c3ff","90","false","","false","","195.00","2026-07-25T16:35:00.537Z","""2026-08-22T13:49:11.896Z""","""public"".""menu_overrides"""
"6a89a3043fb8c43ecce7c400","150","false","","false","","145.00","2026-07-25T16:36:14.759Z","""2026-08-22T13:49:11.896Z""","""public"".""menu_overrides"""
"6a89a3043fb8c43ecce7c401","178","false","","false","","65.00","2026-07-25T16:37:14.106Z","""2026-08-22T13:49:11.896Z""","""public"".""menu_overrides"""
"6a89a3043fb8c43ecce7c402","177","false","","false","","55.00","2026-07-25T16:37:15.886Z","""2026-08-22T13:49:11.896Z""","""public"".""menu_overrides"""
"6a89a3043fb8c43ecce7c403","189","true","","false","","60.00","2026-07-25T16:37:33.547Z","""2026-08-22T13:49:11.896Z""","""public"".""menu_overrides"""
"6a89a3043fb8c43ecce7c404","194","true","","false","","60.00","2026-07-25T16:37:45.407Z","""2026-08-22T13:49:11.896Z""","""public"".""menu_overrides"""