_id,id,cost_price,created_at,date,item_id,item_name,item_sku,notes,qty,supplier,unit,_migrated_at,_migrated_from
"6a89a30e3fb8c43ecce7c59c","in_rep_1_1785854327201","2574","2026-08-04T14:38:54.196Z","04-08-2026","stk_1","Rice (রাইস)","J001","Opening stock balance entry from inventory report","4","Egra Supplier","packet","""2026-08-22T13:49:23.860Z""","""public"".""stock_in_entries"""
"6a89a30e3fb8c43ecce7c59d","in_rep_2_1785854327201","107","2026-08-04T14:38:54.196Z","04-08-2026","stk_2","Palm Oil (পাম অয়েল)","J002","Opening stock balance entry from inventory report","150","Egra Supplier","packet","""2026-08-22T13:49:23.860Z""","""public"".""stock_in_entries"""
"6a89a30e3fb8c43ecce7c59e","in_rep_3_1785854327201","120","2026-08-04T14:38:54.196Z","04-08-2026","stk_3","Refined Oil (রেফাইন্ড অয়েল)","J003","Opening stock balance entry from inventory report","5","Egra Supplier","L","""2026-08-22T13:49:23.860Z""","""public"".""stock_in_entries"""
"6a89a30e3fb8c43ecce7c59f","in_rep_4_1785854327201","180","2026-08-04T14:38:54.196Z","04-08-2026","stk_4","Mustard Oil (মাস্টার অয়েল)","J004","Opening stock balance entry from inventory report","5","Egra Supplier","L","""2026-08-22T13:49:23.860Z""","""public"".""stock_in_entries"""
"6a89a30e3fb8c43ecce7c5a0","in_rep_5_1785854327201","36.4","2026-08-04T14:38:54.196Z","04-08-2026","stk_5","Maida (মাইদা)","J005","Opening stock balance entry from inventory report","50","Egra Supplier","kg","""2026-08-22T13:49:23.860Z""","""public"".""stock_in_entries"""
"6a89a30e3fb8c43ecce7c5a1","in_rep_6_1785854327201","44","2026-08-04T14:38:54.196Z","04-08-2026","stk_6","Atta (আটা)","J006","Opening stock balance entry from inventory report","30","Egra Supplier","kg","""2026-08-22T13:49:23.860Z""","""public"".""stock_in_entries"""
"6a89a30e3fb8c43ecce7c5a2","in_rep_7_1785854327201","10.4","2026-08-04T14:38:54.196Z","04-08-2026","stk_7","Chowmein Noodle (চাউমিন)","J007","Opening stock balance entry from inventory report","100","Egra Supplier","packet","""2026-08-22T13:49:23.860Z""","""public"".""stock_in_entries"""
"6a89a30e3fb8c43ecce7c5a3","in_rep_8_1785854327201","33.6","2026-08-04T14:38:54.196Z","04-08-2026","stk_8","Tomato Sauce (টমেটো sos)","J008","Opening stock balance entry from inventory report","30","Egra Supplier","packet","""2026-08-22T13:49:23.860Z""","""public"".""stock_in_entries"""
"6a89a30e3fb8c43ecce7c5a4","in_rep_9_1785854327201","33.6","2026-08-04T14:38:54.196Z","04-08-2026","stk_9","Chili Sauce","J009","Opening stock balance entry from inventory report","15","Egra Supplier","pcs","""2026-08-22T13:49:23.860Z""","""public"".""stock_in_entries"""
"6a89a30e3fb8c43ecce7c5a5","in_rep_10_1785854327201","65","2026-08-04T14:38:54.196Z","04-08-2026","stk_10","Soy Sauce","J010","Opening stock balance entry from inventory report","4","Egra Supplier","pcs","""2026-08-22T13:49:23.860Z""","""public"".""stock_in_entries"""
"6a89a30e3fb8c43ecce7c5a6","in_rep_11_1785854327201","45","2026-08-04T14:38:54.196Z","04-08-2026","stk_11","Vinegar","J011","Opening stock balance entry from inventory report","10","Egra Supplier","pcs","""2026-08-22T13:49:23.860Z""","""public"".""stock_in_entries"""
"6a89a30e3fb8c43ecce7c5a7","in_rep_12_1785854327201","62","2026-08-04T14:38:54.196Z","04-08-2026","stk_12","Corn Flour","J012","Opening stock balance entry from inventory report","12","Egra Supplier","kg","""2026-08-22T13:49:23.860Z""","""public"".""stock_in_entries"""
"6a89a30e3fb8c43ecce7c5a8","in_rep_13_1785854327201","12.5","2026-08-04T14:38:54.196Z","04-08-2026","stk_13","Kasuri Methi","J013","Opening stock balance entry from inventory report","120","Egra Supplier","pcs","""2026-08-22T13:49:23.860Z""","""public"".""stock_in_entries"""
"6a89a30e3fb8c43ecce7c5a9","in_rep_14_1785854327201","40","2026-08-04T14:38:54.196Z","04-08-2026","stk_14","Chat Masala","J014","Opening stock balance entry from inventory report","20","Egra Supplier","packet","""2026-08-22T13:49:23.860Z""","""public"".""stock_in_entries"""
"6a89a30e3fb8c43ecce7c5aa","in_rep_15_1785854327201","52","2026-08-04T14:38:54.196Z","04-08-2026","stk_15","Kashmiri Chilli Powder","J015","Opening stock balance entry from inventory report","10","Egra Supplier","pcs","""2026-08-22T13:49:23.860Z""","""public"".""stock_in_entries"""
"6a89a30e3fb8c43ecce7c5ab","in_rep_16_1785854327201","180","2026-08-04T14:38:54.196Z","04-08-2026","stk_16","Ajinomoto (Ajina)","J016","Opening stock balance entry from inventory report","7","Egra Supplier","kg","""2026-08-22T13:49:23.860Z""","""public"".""stock_in_entries"""
"6a89a30e3fb8c43ecce7c5ac","in_rep_17_1785854327201","18.75","2026-08-04T14:38:54.196Z","04-08-2026","stk_17","Chilli Powder","J017","Opening stock balance entry from inventory report","80","Egra Supplier","packet","""2026-08-22T13:49:23.860Z""","""public"".""stock_in_entries"""
"6a89a30e3fb8c43ecce7c5ad","in_rep_18_1785854327201","12.5","2026-08-04T14:38:54.196Z","04-08-2026","stk_18","Haldi (Turmeric Powder)","J018","Opening stock balance entry from inventory report","50","Egra Supplier","packet","""2026-08-22T13:49:23.860Z""","""public"".""stock_in_entries"""
"6a89a30e3fb8c43ecce7c5ae","in_rep_19_1785854327201","0.23","2026-08-04T14:38:54.196Z","04-08-2026","stk_19","Jeera (Cumin Seeds)","J019","Opening stock balance entry from inventory report","3000","Egra Supplier","g","""2026-08-22T13:49:23.860Z""","""public"".""stock_in_entries"""
"6a89a30e3fb8c43ecce7c5af","in_rep_20_1785854327201","0.14","2026-08-04T14:38:54.196Z","04-08-2026","stk_20","Dal (Pulses)","J020","Opening stock balance entry from inventory report","2000","Egra Supplier","g","""2026-08-22T13:49:23.860Z""","""public"".""stock_in_entries"""
"6a89a30e3fb8c43ecce7c5b0","in_rep_21_1785854327201","0.16","2026-08-04T14:38:54.196Z","04-08-2026","stk_21","Kabuli Chana","J021","Opening stock balance entry from inventory report","3000","Egra Supplier","g","""2026-08-22T13:49:23.860Z""","""public"".""stock_in_entries"""
"6a89a30e3fb8c43ecce7c5b1","in_rep_22_1785854327201","0.1","2026-08-04T14:38:54.196Z","04-08-2026","stk_22","Mix Dal","J022","Opening stock balance entry from inventory report","2000","Egra Supplier","g","""2026-08-22T13:49:23.860Z""","""public"".""stock_in_entries"""
"6a89a30e3fb8c43ecce7c5b2","in_rep_23_1785854327201","46.6","2026-08-04T14:38:54.196Z","04-08-2026","stk_23","Attar / Essence","J023","Opening stock balance entry from inventory report","6","Egra Supplier","pcs","""2026-08-22T13:49:23.860Z""","""public"".""stock_in_entries"""
"6a89a30e3fb8c43ecce7c5b3","in_rep_24_1785854327201","85","2026-08-04T14:38:54.196Z","04-08-2026","stk_24","Red Food Color","J024","Opening stock balance entry from inventory report","4","Egra Supplier","box","""2026-08-22T13:49:23.860Z""","""public"".""stock_in_entries"""
"6a89a30e3fb8c43ecce7c5b4","in_rep_25_1785854327201","85","2026-08-04T14:38:54.196Z","04-08-2026","stk_25","Yellow Food Color","J025","Opening stock balance entry from inventory report","2","Egra Supplier","box","""2026-08-22T13:49:23.860Z""","""public"".""stock_in_entries"""
"6a89a30e3fb8c43ecce7c5b5","in_rep_26_1785854327201","85","2026-08-04T14:38:54.196Z","04-08-2026","stk_26","Green Food Color","J026","Opening stock balance entry from inventory report","2","Egra Supplier","box","""2026-08-22T13:49:23.860Z""","""public"".""stock_in_entries"""
"6a89a30e3fb8c43ecce7c5b6","in_rep_27_1785854327201","0.13","2026-08-04T14:38:54.196Z","04-08-2026","stk_28","Mouri (Fennel Seeds)","J028","Opening stock balance entry from inventory report","1000","Egra Supplier","g","""2026-08-22T13:49:23.860Z""","""public"".""stock_in_entries"""
"6a89a30e3fb8c43ecce7c5b7","in_rep_28_1785854327201","0.06","2026-08-04T14:38:54.196Z","04-08-2026","stk_29","Sugar","J029","Opening stock balance entry from inventory report","7","Egra Supplier","kg","""2026-08-22T13:49:23.860Z""","""public"".""stock_in_entries"""
"6a89a30e3fb8c43ecce7c5b8","in_rep_29_1785854327201","20","2026-08-04T14:38:54.196Z","04-08-2026","stk_30","Posto (Poppy Seeds)","J030","Opening stock balance entry from inventory report","10","Egra Supplier","packet","""2026-08-22T13:49:23.860Z""","""public"".""stock_in_entries"""
"6a89a30e3fb8c43ecce7c5b9","in_rep_30_1785854327201","15","2026-08-04T14:38:54.196Z","04-08-2026","stk_31","Dalda / Vanaspati","J031","Opening stock balance entry from inventory report","12","Egra Supplier","packet","""2026-08-22T13:49:23.860Z""","""public"".""stock_in_entries"""
"6a89a30e3fb8c43ecce7c5ba","in_rep_31_1785854327201","0.6","2026-08-04T14:38:54.196Z","04-08-2026","stk_32","Kaju (Cashew Nuts)","J032","Opening stock balance entry from inventory report","2000","Egra Supplier","g","""2026-08-22T13:49:23.860Z""","""public"".""stock_in_entries"""
"6a89a30e3fb8c43ecce7c5bb","in_rep_32_1785854327201","0.54","2026-08-04T14:38:54.196Z","04-08-2026","stk_33","Mogoz (Melon Seeds)","J033","Opening stock balance entry from inventory report","500","Egra Supplier","g","""2026-08-22T13:49:23.860Z""","""public"".""stock_in_entries"""
"6a89a30e3fb8c43ecce7c5bc","in_rep_33_1785854327201","3.1","2026-08-04T14:38:54.196Z","04-08-2026","stk_34","Elachi (Cardamom)","J034","Opening stock balance entry from inventory report","700","Egra Supplier","g","""2026-08-22T13:49:23.860Z""","""public"".""stock_in_entries"""
"6a89a30e3fb8c43ecce7c5bd","in_rep_34_1785854327201","0.46","2026-08-04T14:38:54.196Z","04-08-2026","stk_35","Long (Cloves)","J035","Opening stock balance entry from inventory report","300","Egra Supplier","g","""2026-08-22T13:49:23.860Z""","""public"".""stock_in_entries"""
"6a89a30e3fb8c43ecce7c5be","in_rep_35_1785854327201","2.58","2026-08-04T14:38:54.196Z","04-08-2026","stk_36","Jaitri (Mace)","J036","Opening stock balance entry from inventory report","450","Egra Supplier","g","""2026-08-22T13:49:23.860Z""","""public"".""stock_in_entries"""
"6a89a30e3fb8c43ecce7c5bf","in_rep_36_1785854327201","0.28","2026-08-04T14:38:54.196Z","04-08-2026","stk_37","Dalchini (Cinnamon)","J037","Opening stock balance entry from inventory report","500","Egra Supplier","g","""2026-08-22T13:49:23.860Z""","""public"".""stock_in_entries"""
"6a89a30e3fb8c43ecce7c5c0","in_rep_37_1785854327201","0.78","2026-08-04T14:38:54.196Z","04-08-2026","stk_38","Starful (Star Anise)","J038","Opening stock balance entry from inventory report","500","Egra Supplier","g","""2026-08-22T13:49:23.860Z""","""public"".""stock_in_entries"""
"6a89a30e3fb8c43ecce7c5c1","in_rep_38_1785854327201","0.8","2026-08-04T14:38:54.196Z","04-08-2026","stk_39","Rose Petals","J039","Opening stock balance entry from inventory report","450","Egra Supplier","g","""2026-08-22T13:49:23.860Z""","""public"".""stock_in_entries"""
"6a89a30e3fb8c43ecce7c5c2","in_rep_39_1785854327201","230","2026-08-04T14:38:54.196Z","04-08-2026","stk_40","Shahi Jeera","J040","Opening stock balance entry from inventory report","5","Egra Supplier","packet","""2026-08-22T13:49:23.860Z""","""public"".""stock_in_entries"""
"6a89a30e3fb8c43ecce7c5c3","in_rep_40_1785854327201","0.78","2026-08-04T14:38:54.196Z","04-08-2026","stk_41","Black Pepper (Gol Morich)","J041","Opening stock balance entry from inventory report","900","Egra Supplier","g","""2026-08-22T13:49:23.860Z""","""public"".""stock_in_entries"""
"6a89a30e3fb8c43ecce7c5c4","in_rep_41_1785854327201","590","2026-08-04T14:38:54.196Z","04-08-2026","stk_42","Pure Ghee","J042","Opening stock balance entry from inventory report","3","Egra Supplier","box","""2026-08-22T13:49:23.860Z""","""public"".""stock_in_entries"""
"6a89a30e3fb8c43ecce7c5c5","in_rep_42_1785854327201","80","2026-08-04T14:38:54.196Z","04-08-2026","stk_43","Baking Powder","J043","Opening stock balance entry from inventory report","1","Egra Supplier","box","""2026-08-22T13:49:23.860Z""","""public"".""stock_in_entries"""
"6a89a30e3fb8c43ecce7c5c6","in_rep_43_1785854327201","145","2026-08-04T14:38:54.196Z","04-08-2026","stk_44","Mushroom","J044","Opening stock balance entry from inventory report","3","Egra Supplier","box","""2026-08-22T13:49:23.860Z""","""public"".""stock_in_entries"""
"6a89a30e3fb8c43ecce7c5c7","in_rep_44_1785854327201","14","2026-08-04T14:38:54.196Z","04-08-2026","stk_46","Papad","J046","Opening stock balance entry from inventory report","30","Egra Supplier","packet","""2026-08-22T13:49:23.860Z""","""public"".""stock_in_entries"""
"6a89a30e3fb8c43ecce7c5c8","in_1785948630433","0","2026-08-05T16:50:30.433Z","05-08-2026","stk_125","Vim Liquid Dishwash","J125","","2","","packet","""2026-08-22T13:49:23.860Z""","""public"".""stock_in_entries"""
"6a89a30e3fb8c43ecce7c5c9","in_rep_45_1785854327201","25","2026-08-04T14:38:54.196Z","04-08-2026","stk_49","Black Salt (Bit Nun)","J049","Opening stock balance entry from inventory report","2","Egra Supplier","kg","""2026-08-22T13:49:23.860Z""","""public"".""stock_in_entries"""
"6a89a30e3fb8c43ecce7c5ca","in_rep_46_1785854327201","10.4","2026-08-04T14:38:54.196Z","04-08-2026","stk_50","Regular Salt","J050","Opening stock balance entry from inventory report","25","Egra Supplier","pcs","""2026-08-22T13:49:23.860Z""","""public"".""stock_in_entries"""
"6a89a30e3fb8c43ecce7c5cb","in_rep_47_1785854327201","0.18","2026-08-04T14:38:54.196Z","04-08-2026","stk_51","Dhania (Coriander Seeds)","J051","Opening stock balance entry from inventory report","1500","Egra Supplier","g","""2026-08-22T13:49:23.860Z""","""public"".""stock_in_entries"""
"6a89a30e3fb8c43ecce7c5cc","in_rep_48_1785854327201","30","2026-08-04T14:38:54.196Z","04-08-2026","stk_54","Milk (দুধ)","J054","Opening stock balance entry from inventory report","2","Local Dairy Farm","packet","""2026-08-22T13:49:23.860Z""","""public"".""stock_in_entries"""
"6a89a30e3fb8c43ecce7c5cd","in_rep_49_1785854327201","60","2026-08-04T14:38:54.196Z","04-08-2026","stk_55","Dahi (দই / Curd)","J055","Opening stock balance entry from inventory report","4","Local Dairy Farm","kg","""2026-08-22T13:49:23.860Z""","""public"".""stock_in_entries"""
"6a89a30e3fb8c43ecce7c5ce","in_rep_50_1785854327201","40","2026-08-04T14:38:54.196Z","04-08-2026","stk_56","Paneer (পনির)","J056","Opening stock balance entry from inventory report","150","Amul Dairy Egra","g","""2026-08-22T13:49:23.860Z""","""public"".""stock_in_entries"""
"6a89a30e3fb8c43ecce7c5cf","in_rep_51_1785854327201","60","2026-08-04T14:38:54.196Z","04-08-2026","stk_57","Butter","J057","Opening stock balance entry from inventory report","1","Amul Dairy Egra","packet","""2026-08-22T13:49:23.860Z""","""public"".""stock_in_entries"""
"6a89a30e3fb8c43ecce7c5d0","in_rep_52_1785854327201","75","2026-08-04T14:38:54.196Z","04-08-2026","stk_58","Amul Fresh Cream","J058","Opening stock balance entry from inventory report","5","Amul Dairy Egra","packet","""2026-08-22T13:49:23.860Z""","""public"".""stock_in_entries"""
"6a89a30e3fb8c43ecce7c5d1","in_rep_53_1785854327201","145","2026-08-04T14:38:54.196Z","04-08-2026","stk_59","Cheese Block / Slice","J059","Opening stock balance entry from inventory report","1","Amul Dairy Egra","packet","""2026-08-22T13:49:23.860Z""","""public"".""stock_in_entries"""
"6a89a30e3fb8c43ecce7c5d2","in_1785860827603","0","2026-08-04T16:27:07.604Z","04-08-2026","stk_47","Kissan Tomato Sauce Pouch","J047","","180","","pcs","""2026-08-22T13:49:23.860Z""","""public"".""stock_in_entries"""
"6a89a30e3fb8c43ecce7c5d3","in_1785860841586","0","2026-08-04T16:27:21.586Z","04-08-2026","stk_48","Jaljeera Powder","J048","","50","","pcs","""2026-08-22T13:49:23.860Z""","""public"".""stock_in_entries"""
"6a89a30e3fb8c43ecce7c5d4","in_1785860857242","0","2026-08-04T16:27:37.242Z","04-08-2026","stk_52","Egg (ডিম)","J052","","7","","packet","""2026-08-22T13:49:23.860Z""","""public"".""stock_in_entries"""
"6a89a30e3fb8c43ecce7c5d5","in_1785861316346","0","2026-08-04T16:35:16.346Z","04-08-2026","stk_59","Cheese Block / Slice","J059","","8","","pcs","""2026-08-22T13:49:23.860Z""","""public"".""stock_in_entries"""
"6a89a30e3fb8c43ecce7c5d6","in_1785867226260","0","2026-08-04T18:13:46.261Z","04-08-2026","stk_29","Sugar","J029","","7000","","g","""2026-08-22T13:49:23.860Z""","""public"".""stock_in_entries"""
"6a89a30e3fb8c43ecce7c5d7","in_1785868870914","0","2026-08-04T18:41:10.914Z","04-08-2026","stk_75","Potato (আলু)","J075","","20","","kg","""2026-08-22T13:49:23.860Z""","""public"".""stock_in_entries"""
"6a89a30e3fb8c43ecce7c5d8","in_1785868903675","0","2026-08-04T18:41:43.676Z","04-08-2026","stk_76","Onion (পেঁয়াজ)","J076","","30","","kg","""2026-08-22T13:49:23.860Z""","""public"".""stock_in_entries"""
"6a89a30e3fb8c43ecce7c5d9","in_1785868940687","0","2026-08-04T18:42:20.687Z","04-08-2026","stk_79","Capsicum","J079","","4.5","","kg","""2026-08-22T13:49:23.860Z""","""public"".""stock_in_entries"""
"6a89a30e3fb8c43ecce7c5da","in_1785868961589","0","2026-08-04T18:42:41.590Z","04-08-2026","stk_80","Carrot","J080","","3","","kg","""2026-08-22T13:49:23.860Z""","""public"".""stock_in_entries"""
"6a89a30e3fb8c43ecce7c5db","in_1785868986681","0","2026-08-04T18:43:06.681Z","04-08-2026","stk_82","Green Chilli (কাঁচা লঙ্কা)","J082","","2.5","","kg","""2026-08-22T13:49:23.860Z""","""public"".""stock_in_entries"""
"6a89a30e3fb8c43ecce7c5dc","in_1785869012766","0","2026-08-04T18:43:32.766Z","04-08-2026","stk_83","Tomato (টমেটো)","J083","","5","","kg","""2026-08-22T13:49:23.860Z""","""public"".""stock_in_entries"""
"6a89a30e3fb8c43ecce7c5dd","in_1785869053424","0","2026-08-04T18:44:13.425Z","04-08-2026","stk_84","Cabbage (বাঁধাকপি)","J084","","10","","kg","""2026-08-22T13:49:23.860Z""","""public"".""stock_in_entries"""
"6a89a30e3fb8c43ecce7c5de","in_1785869072068","0","2026-08-04T18:44:32.068Z","04-08-2026","stk_85","Lemon (লেবু)","J085","","50","","pcs","""2026-08-22T13:49:23.860Z""","""public"".""stock_in_entries"""
"6a89a30e3fb8c43ecce7c5df","in_1785869091357","0","2026-08-04T18:44:51.357Z","04-08-2026","stk_86","Dhania Pata (Coriander)","J086","","9","","kg","""2026-08-22T13:49:23.860Z""","""public"".""stock_in_entries"""
"6a89a30e3fb8c43ecce7c5e0","in_1785869141952","0","2026-08-04T18:45:41.952Z","04-08-2026","stk_88","Cucumber (শসা)","J088","","5","","kg","""2026-08-22T13:49:23.860Z""","""public"".""stock_in_entries"""
"6a89a30e3fb8c43ecce7c5e1","in_1785869360353","0","2026-08-04T18:49:20.353Z","04-08-2026","stk_83","Tomato (টমেটো)","J083","","1","","kg","""2026-08-22T13:49:23.860Z""","""public"".""stock_in_entries"""
"6a89a30e3fb8c43ecce7c5e2","in_1785870020726","0","2026-08-04T19:00:20.726Z","04-08-2026","stk_54","Milk (দুধ)","J054","","3","","packet","""2026-08-22T13:49:23.860Z""","""public"".""stock_in_entries"""
"6a89a30e3fb8c43ecce7c5e3","in_1785870126651","0","2026-08-04T19:02:06.651Z","04-08-2026","stk_55","Dahi (দই / Curd)","J055","","16","","kg","""2026-08-22T13:49:23.860Z""","""public"".""stock_in_entries"""
"6a89a30e3fb8c43ecce7c5e4","in_1785940034958","0","2026-08-05T14:27:14.958Z","05-08-2026","stk_27","Dry Chilli","J027","","1000","","g","""2026-08-22T13:49:23.860Z""","""public"".""stock_in_entries"""
"6a89a30e3fb8c43ecce7c5e5","in_1785942899649","0","2026-08-05T15:14:59.650Z","05-08-2026","stk_1785942899649","rabar hand glove","J135","","3","","packet","""2026-08-22T13:49:23.860Z""","""public"".""stock_in_entries"""
"6a89a30e3fb8c43ecce7c5e6","in_1785942932899","0","2026-08-05T15:15:32.899Z","05-08-2026","stk_104","1000ml Container","J104","","500","","pcs","""2026-08-22T13:49:23.860Z""","""public"".""stock_in_entries"""
"6a89a30e3fb8c43ecce7c5e7","in_1785942956169","0","2026-08-05T15:15:56.169Z","05-08-2026","stk_105","750ml Silver Container","J105","","500","","pcs","""2026-08-22T13:49:23.860Z""","""public"".""stock_in_entries"""
"6a89a30e3fb8c43ecce7c5e8","in_1785942972849","0","2026-08-05T15:16:12.849Z","05-08-2026","stk_106","750ml Container","J106","","500","","pcs","""2026-08-22T13:49:23.860Z""","""public"".""stock_in_entries"""
"6a89a30e3fb8c43ecce7c5e9","in_1785942986785","0","2026-08-05T15:16:26.785Z","05-08-2026","stk_107","500ml Container","J107","","150","","pcs","""2026-08-22T13:49:23.860Z""","""public"".""stock_in_entries"""
"6a89a30e3fb8c43ecce7c5ea","in_1785943012719","0","2026-08-05T15:16:52.719Z","05-08-2026","stk_111","16x20 Carry Bag","J111","","10","","packet","""2026-08-22T13:49:23.860Z""","""public"".""stock_in_entries"""
"6a89a30e3fb8c43ecce7c5eb","in_1785943030001","0","2026-08-05T15:17:10.001Z","05-08-2026","stk_112","13x16 Carry Bag","J112","","10","","packet","""2026-08-22T13:49:23.860Z""","""public"".""stock_in_entries"""
"6a89a30e3fb8c43ecce7c5ec","in_1785943055940","0","2026-08-05T15:17:35.940Z","05-08-2026","stk_113","Rubber Band Small (Gardar)","J113","","250","","kg","""2026-08-22T13:49:23.860Z""","""public"".""stock_in_entries"""
"6a89a30e3fb8c43ecce7c5ed","in_1785943090313","0","2026-08-05T15:18:10.314Z","05-08-2026","stk_114","Rubber Band Big (Gardar)","J114","","250","","kg","""2026-08-22T13:49:23.860Z""","""public"".""stock_in_entries"""
"6a89a30e3fb8c43ecce7c5ee","in_1785943148535","0","2026-08-05T15:19:08.535Z","05-08-2026","stk_113","Rubber Band Small (Gardar)","J113","","0.25","","kg","""2026-08-22T13:49:23.860Z""","""public"".""stock_in_entries"""
"6a89a30e3fb8c43ecce7c5ef","in_1785943160330","0","2026-08-05T15:19:20.330Z","05-08-2026","stk_114","Rubber Band Big (Gardar)","J114","","0.25","","kg","""2026-08-22T13:49:23.860Z""","""public"".""stock_in_entries"""
"6a89a30e3fb8c43ecce7c5f0","in_1785943176084","0","2026-08-05T15:19:36.084Z","05-08-2026","stk_115","Cling Wrap (Clean Tape)","J115","","2","","pcs","""2026-08-22T13:49:23.860Z""","""public"".""stock_in_entries"""
"6a89a30e3fb8c43ecce7c5f1","in_1785943195061","0","2026-08-05T15:19:55.061Z","05-08-2026","stk_116","7x9 SP Pouch","J116","","5","","packet","""2026-08-22T13:49:23.860Z""","""public"".""stock_in_entries"""
"6a89a30e3fb8c43ecce7c5f2","in_1785943213661","0","2026-08-05T15:20:13.661Z","05-08-2026","stk_117","9x12 SP Pouch","J117","","3","","packet","""2026-08-22T13:49:23.860Z""","""public"".""stock_in_entries"""
"6a89a30e3fb8c43ecce7c5f3","in_1785943226909","0","2026-08-05T15:20:26.909Z","05-08-2026","stk_118","6x8 SP Pouch","J118","","3","","pcs","""2026-08-22T13:49:23.860Z""","""public"".""stock_in_entries"""
"6a89a30e3fb8c43ecce7c5f4","in_1785943246883","0","2026-08-05T15:20:46.883Z","05-08-2026","stk_121","Silver Roll Foil","J121","","1","","packet","""2026-08-22T13:49:23.860Z""","""public"".""stock_in_entries"""
"6a89a30e3fb8c43ecce7c5f5","in_1785943288363","0","2026-08-05T15:21:28.363Z","05-08-2026","stk_122","plastic Hand Gloves","J122","","2","","packet","""2026-08-22T13:49:23.860Z""","""public"".""stock_in_entries"""
"6a89a30e3fb8c43ecce7c5f6","in_1785943319399","0","2026-08-05T15:21:59.399Z","05-08-2026","stk_123","Chef Cap","J123","","2","","packet","""2026-08-22T13:49:23.860Z""","""public"".""stock_in_entries"""
"6a89a30e3fb8c43ecce7c5f7","in_1785943419314","0","2026-08-05T15:23:39.314Z","05-08-2026","stk_108","Tissue Paper","J108","","30","","packet","""2026-08-22T13:49:23.860Z""","""public"".""stock_in_entries"""
"6a89a30e3fb8c43ecce7c5f8","in_1785943473242","0","2026-08-05T15:24:33.243Z","05-08-2026","stk_133","thermal copy","J00133","","33","","pcs","""2026-08-22T13:49:23.860Z""","""public"".""stock_in_entries"""
"6a89a30e3fb8c43ecce7c5f9","in_1785944787556","0","2026-08-05T15:46:27.556Z","05-08-2026","stk_109","Raita Pouch","J109","","10","","packet","""2026-08-22T13:49:23.860Z""","""public"".""stock_in_entries"""
"6a89a30e3fb8c43ecce7c5fa","in_1785944822934","0","2026-08-05T15:47:02.934Z","05-08-2026","stk_119","Plastic Spoon","J119","","2","","packet","""2026-08-22T13:49:23.860Z""","""public"".""stock_in_entries"""
"6a89a30e3fb8c43ecce7c5fb","in_1785945217893","0","2026-08-05T15:53:37.893Z","05-08-2026","stk_1785945217892","STRO","J137","","2","","packet","""2026-08-22T13:49:23.860Z""","""public"".""stock_in_entries"""
"6a89a30e3fb8c43ecce7c5fc","in_1785945290174","0","2026-08-05T15:54:50.175Z","05-08-2026","stk_1785945290174","CAMPA JEERA","J138","","24","","pcs","""2026-08-22T13:49:23.860Z""","""public"".""stock_in_entries"""
"6a89a30e3fb8c43ecce7c5fd","in_1785946977550","0","2026-08-05T16:22:57.550Z","05-08-2026","stk_62","Campa White 500ml","J062","","27","","pcs","""2026-08-22T13:49:23.860Z""","""public"".""stock_in_entries"""
"6a89a30e3fb8c43ecce7c5fe","in_1785947026044","0","2026-08-05T16:23:46.045Z","05-08-2026","stk_62","Campa White 500ml","J062","","31","","pcs","""2026-08-22T13:49:23.860Z""","""public"".""stock_in_entries"""
"6a89a30e3fb8c43ecce7c5ff","in_1785947095859","0","2026-08-05T16:24:55.860Z","05-08-2026","stk_61","Campa Black 500ml","J061","","27","","pcs","""2026-08-22T13:49:23.860Z""","""public"".""stock_in_entries"""
"6a89a30e3fb8c43ecce7c600","in_1785947171877","0","2026-08-05T16:26:11.877Z","05-08-2026","stk_60","Campa White 100ml","J060","","24","","pcs","""2026-08-22T13:49:23.860Z""","""public"".""stock_in_entries"""
"6a89a30e3fb8c43ecce7c601","in_1785947215012","0","2026-08-05T16:26:55.012Z","05-08-2026","stk_73","Sprite 500ml","J073","","4","","pcs","""2026-08-22T13:49:23.860Z""","""public"".""stock_in_entries"""
"6a89a30e3fb8c43ecce7c602","in_1785947241730","0","2026-08-05T16:27:21.730Z","05-08-2026","stk_69","Kinley Soda","J069","","4","","pcs","""2026-08-22T13:49:23.860Z""","""public"".""stock_in_entries"""
"6a89a30e3fb8c43ecce7c603","in_1785947300869","0","2026-08-05T16:28:20.869Z","05-08-2026","stk_64","Bisleri Water 1L","J064","","73","","pcs","""2026-08-22T13:49:23.860Z""","""public"".""stock_in_entries"""
"6a89a30e3fb8c43ecce7c604","in_1785947315263","0","2026-08-05T16:28:35.263Z","05-08-2026","stk_67","Bisleri Water 500ml","J067","","45","","pcs","""2026-08-22T13:49:23.860Z""","""public"".""stock_in_entries"""
"6a89a30e3fb8c43ecce7c605","in_1785948089347","0","2026-08-05T16:41:29.347Z","05-08-2026","stk_124","Vim Soap / Bar (Bhim Srap)","J124","","20","","pcs","""2026-08-22T13:49:23.860Z""","""public"".""stock_in_entries"""
"6a89a30e3fb8c43ecce7c606","in_1785948170274","0","2026-08-05T16:42:50.274Z","05-08-2026","stk_126","Surf Excel Detergent","J126","","3","","packet","""2026-08-22T13:49:23.860Z""","""public"".""stock_in_entries"""
"6a89a30e3fb8c43ecce7c607","in_1785948330748","0","2026-08-05T16:45:30.748Z","05-08-2026","stk_127","Hand Wash Liquid","J127","","2","","packet","""2026-08-22T13:49:23.860Z""","""public"".""stock_in_entries"""
"6a89a30e3fb8c43ecce7c608","in_1785948591761","0","2026-08-05T16:49:51.761Z","05-08-2026","stk_129","Phenyl (Finaile)","J129","","1","","packet","""2026-08-22T13:49:23.860Z""","""public"".""stock_in_entries"""
"6a89a30e3fb8c43ecce7c609","in_1785948613538","0","2026-08-05T16:50:13.538Z","05-08-2026","stk_128","Harpic Toilet Cleaner","J128","","1","","packet","""2026-08-22T13:49:23.860Z""","""public"".""stock_in_entries"""
"6a89a30e3fb8c43ecce7c60a","in_1785948738473","0","2026-08-05T16:52:18.473Z","05-08-2026","stk_79","Capsicum","J079","","6","","kg","""2026-08-22T13:49:23.860Z""","""public"".""stock_in_entries"""
"6a89a30e3fb8c43ecce7c60b","in_1785948763873","0","2026-08-05T16:52:43.874Z","05-08-2026","stk_80","Carrot","J080","","5","","kg","""2026-08-22T13:49:23.860Z""","""public"".""stock_in_entries"""
"6a89a30e3fb8c43ecce7c60c","in_1785948786679","0","2026-08-05T16:53:06.679Z","05-08-2026","stk_82","Green Chilli (কাঁচা লঙ্কা)","J082","","2","","kg","""2026-08-22T13:49:23.860Z""","""public"".""stock_in_entries"""
"6a89a30e3fb8c43ecce7c60d","in_1785948852865","0","2026-08-05T16:54:12.865Z","05-08-2026","stk_83","Tomato (টমেটো)","J083","","7","","kg","""2026-08-22T13:49:23.860Z""","""public"".""stock_in_entries"""
"6a89a30e3fb8c43ecce7c60e","in_1785948995807","0","2026-08-05T16:56:35.807Z","05-08-2026","stk_84","Cabbage (বাঁধাকপি)","J084","","10","","kg","""2026-08-22T13:49:23.860Z""","""public"".""stock_in_entries"""
"6a89a30e3fb8c43ecce7c60f","in_1785949013119","0","2026-08-05T16:56:53.119Z","05-08-2026","stk_88","Cucumber (শসা)","J088","","5","","kg","""2026-08-22T13:49:23.860Z""","""public"".""stock_in_entries"""
"6a89a30e3fb8c43ecce7c610","in_1785949026952","0","2026-08-05T16:57:06.952Z","05-08-2026","stk_27","Dry Chilli","J027","","1000","","g","""2026-08-22T13:49:23.860Z""","""public"".""stock_in_entries"""
"6a89a30e3fb8c43ecce7c611","in_1785949059694","0","2026-08-05T16:57:39.695Z","05-08-2026","stk_77","Ginger (আদা)","J077","","3","","kg","""2026-08-22T13:49:23.860Z""","""public"".""stock_in_entries"""
"6a89a30e3fb8c43ecce7c612","in_1785949070581","0","2026-08-05T16:57:50.581Z","05-08-2026","stk_78","Garlic (রসুন)","J078","","3","","kg","""2026-08-22T13:49:23.860Z""","""public"".""stock_in_entries"""
"6a89a30e3fb8c43ecce7c613","in_1785949082733","0","2026-08-05T16:58:02.733Z","05-08-2026","stk_81","Beans","J081","","2.5","","kg","""2026-08-22T13:49:23.860Z""","""public"".""stock_in_entries"""
"6a89a30e3fb8c43ecce7c614","in_1785949096906","0","2026-08-05T16:58:16.906Z","05-08-2026","stk_55","Dahi (দই / Curd)","J055","","4","","kg","""2026-08-22T13:49:23.860Z""","""public"".""stock_in_entries"""
"6a89a30e3fb8c43ecce7c615","in_1785949120021","0","2026-08-05T16:58:40.021Z","05-08-2026","stk_54","Milk (দুধ)","J054","","2","","packet","""2026-08-22T13:49:23.860Z""","""public"".""stock_in_entries"""
"6a89a30e3fb8c43ecce7c616","in_1785949134277","0","2026-08-05T16:58:54.277Z","05-08-2026","stk_57","Butter","J057","","5","","packet","""2026-08-22T13:49:23.860Z""","""public"".""stock_in_entries"""
"6a89a30e3fb8c43ecce7c617","in_1785949162502","0","2026-08-05T16:59:22.502Z","05-08-2026","stk_53","Staff Rice","J053","","10","","kg","""2026-08-22T13:49:23.860Z""","""public"".""stock_in_entries"""
"6a89a30e3fb8c43ecce7c618","in_1786023296387","0","2026-08-06T13:34:56.388Z","06-08-2026","stk_75","Potato (আলু)","J075","","10","","kg","""2026-08-22T13:49:23.860Z""","""public"".""stock_in_entries"""
"6a89a30e3fb8c43ecce7c619","in_1786023315111","0","2026-08-06T13:35:15.111Z","06-08-2026","stk_76","Onion (পেঁয়াজ)","J076","","17","","kg","""2026-08-22T13:49:23.860Z""","""public"".""stock_in_entries"""
"6a89a30e3fb8c43ecce7c61a","in_1786023338366","0","2026-08-06T13:35:38.367Z","06-08-2026","stk_56","Paneer (পনির)","J056","","250","","g","""2026-08-22T13:49:23.860Z""","""public"".""stock_in_entries"""
"6a89a30e3fb8c43ecce7c61b","in_1786023349415","0","2026-08-06T13:35:49.415Z","06-08-2026","stk_54","Milk (দুধ)","J054","","2","","packet","""2026-08-22T13:49:23.860Z""","""public"".""stock_in_entries"""
"6a89a30e3fb8c43ecce7c61c","in_1786023554320","0","2026-08-06T13:39:14.321Z","06-08-2026","stk_54","Milk (দুধ)","J054","","1","","packet","""2026-08-22T13:49:23.860Z""","""public"".""stock_in_entries"""
"6a89a30e3fb8c43ecce7c61d","in_1786024009515","0","2026-08-06T13:46:49.516Z","06-08-2026","stk_55","Dahi (দই / Curd)","J055","","1","","kg","""2026-08-22T13:49:23.860Z""","""public"".""stock_in_entries"""
"6a89a30e3fb8c43ecce7c61e","in_1786024035499","0","2026-08-06T13:47:15.499Z","06-08-2026","stk_55","Dahi (দই / Curd)","J055","","2","","kg","""2026-08-22T13:49:23.860Z""","""public"".""stock_in_entries"""
"6a89a30e3fb8c43ecce7c61f","in_1786033809641","0","2026-08-06T16:30:09.643Z","06-08-2026","stk_76","Onion (পেঁয়াজ)","J076","","5","","kg","""2026-08-22T13:49:23.860Z""","""public"".""stock_in_entries"""
"6a89a30e3fb8c43ecce7c620","in_1786107725442","0","2026-08-07T13:02:05.443Z","07-08-2026","stk_52","Egg (ডিম)","J052","","4","","packet","""2026-08-22T13:49:23.860Z""","""public"".""stock_in_entries"""
"6a89a30e3fb8c43ecce7c621","in_1786198115506","0","2026-08-08T14:08:35.507Z","08-08-2026","stk_54","Milk (দুধ)","J054","","2","","packet","""2026-08-22T13:49:23.860Z""","""public"".""stock_in_entries"""
"6a89a30e3fb8c43ecce7c622","in_1786198132448","0","2026-08-08T14:08:52.448Z","08-08-2026","stk_55","Dahi (দই / Curd)","J055","","3","","kg","""2026-08-22T13:49:23.860Z""","""public"".""stock_in_entries"""
"6a89a30e3fb8c43ecce7c623","in_1786198191952","0","2026-08-08T14:09:51.952Z","08-08-2026","stk_76","Onion (পেঁয়াজ)","J076","","3","","kg","""2026-08-22T13:49:23.860Z""","""public"".""stock_in_entries"""
"6a89a30e3fb8c43ecce7c624","in_1786291795902","0","2026-08-09T16:09:55.903Z","09-08-2026","stk_54","Milk (দুধ)","J054","","2","","packet","""2026-08-22T13:49:23.860Z""","""public"".""stock_in_entries"""
"6a89a30e3fb8c43ecce7c625","in_1786291805824","0","2026-08-09T16:10:05.824Z","09-08-2026","stk_55","Dahi (দই / Curd)","J055","","5","","kg","""2026-08-22T13:49:23.860Z""","""public"".""stock_in_entries"""
"6a89a30e3fb8c43ecce7c626","in_1786291822920","0","2026-08-09T16:10:22.921Z","09-08-2026","stk_56","Paneer (পনির)","J056","","0.5","","g","""2026-08-22T13:49:23.860Z""","""public"".""stock_in_entries"""
"6a89a30e3fb8c43ecce7c627","in_1786291841072","0","2026-08-09T16:10:41.072Z","09-08-2026","stk_58","Amul Fresh Cream","J058","","5","","packet","""2026-08-22T13:49:23.860Z""","""public"".""stock_in_entries"""
"6a89a30e3fb8c43ecce7c628","in_1786291892277","0","2026-08-09T16:11:32.277Z","09-08-2026","stk_75","Potato (আলু)","J075","","50","","kg","""2026-08-22T13:49:23.860Z""","""public"".""stock_in_entries"""
"6a89a30e3fb8c43ecce7c629","in_1786291910321","0","2026-08-09T16:11:50.321Z","09-08-2026","stk_76","Onion (পেঁয়াজ)","J076","","50","","kg","""2026-08-22T13:49:23.860Z""","""public"".""stock_in_entries"""
"6a89a30e3fb8c43ecce7c62a","in_1786292005255","0","2026-08-09T16:13:25.255Z","09-08-2026","stk_64","Bisleri Water 1L","J064","","120","","pcs","""2026-08-22T13:49:23.860Z""","""public"".""stock_in_entries"""
"6a89a30e3fb8c43ecce7c62b","in_1786378387144","0","2026-08-10T16:13:07.144Z","10-08-2026","stk_52","Egg (ডিম)","J052","","7","","packet","""2026-08-22T13:49:23.860Z""","""public"".""stock_in_entries"""
"6a89a30e3fb8c43ecce7c62c","in_1786429049189","0","2026-08-11T06:17:29.190Z","11-08-2026","stk_4","Mustard Oil (মাস্টার অয়েল)","J004","","1","","L","""2026-08-22T13:49:23.860Z""","""public"".""stock_in_entries"""
"6a89a30e3fb8c43ecce7c62d","in_1786429174396","0","2026-08-11T06:19:34.397Z","11-08-2026","stk_16","Ajinomoto (Ajina)","J016","","4","","kg","""2026-08-22T13:49:23.860Z""","""public"".""stock_in_entries"""
"6a89a30e3fb8c43ecce7c62e","in_1786459186258","0","2026-08-11T14:39:46.258Z","11-08-2026","stk_54","Milk (দুধ)","J054","","2","","packet","""2026-08-22T13:49:23.860Z""","""public"".""stock_in_entries"""
"6a89a30e3fb8c43ecce7c62f","in_1786459199983","0","2026-08-11T14:39:59.983Z","11-08-2026","stk_55","Dahi (দই / Curd)","J055","","8","","kg","""2026-08-22T13:49:23.860Z""","""public"".""stock_in_entries"""
"6a89a30e3fb8c43ecce7c630","in_1786459223902","0","2026-08-11T14:40:23.902Z","11-08-2026","stk_83","Tomato (টমেটো)","J083","","2","","kg","""2026-08-22T13:49:23.860Z""","""public"".""stock_in_entries"""
"6a89a30e3fb8c43ecce7c631","in_1786459246307","0","2026-08-11T14:40:46.307Z","11-08-2026","stk_86","Dhania Pata (Coriander)","J086","","0.3","","kg","""2026-08-22T13:49:23.860Z""","""public"".""stock_in_entries"""
"6a89a30e3fb8c43ecce7c632","in_1786550834342","0","2026-08-12T16:07:14.343Z","12-08-2026","stk_1","Rice (রাইস)","J001","","1","","packet","""2026-08-22T13:49:23.860Z""","""public"".""stock_in_entries"""
"6a89a30e3fb8c43ecce7c633","in_1786550852209","0","2026-08-12T16:07:32.209Z","12-08-2026","stk_54","Milk (দুধ)","J054","","2","","packet","""2026-08-22T13:49:23.860Z""","""public"".""stock_in_entries"""
"6a89a30e3fb8c43ecce7c634","in_1786550872712","0","2026-08-12T16:07:52.712Z","12-08-2026","stk_55","Dahi (দই / Curd)","J055","","5","","kg","""2026-08-22T13:49:23.860Z""","""public"".""stock_in_entries"""
"6a89a30e3fb8c43ecce7c635","in_1786550891134","0","2026-08-12T16:08:11.134Z","12-08-2026","stk_57","Butter","J057","","4","","packet","""2026-08-22T13:49:23.860Z""","""public"".""stock_in_entries"""
"6a89a30e3fb8c43ecce7c636","in_1786550911117","0","2026-08-12T16:08:31.117Z","12-08-2026","stk_77","Ginger (আদা)","J077","","3","","kg","""2026-08-22T13:49:23.860Z""","""public"".""stock_in_entries"""
"6a89a30e3fb8c43ecce7c637","in_1786550923603","0","2026-08-12T16:08:43.603Z","12-08-2026","stk_78","Garlic (রসুন)","J078","","3","","kg","""2026-08-22T13:49:23.860Z""","""public"".""stock_in_entries"""
"6a89a30e3fb8c43ecce7c638","in_1786550955440","0","2026-08-12T16:09:15.440Z","12-08-2026","stk_86","Dhania Pata (Coriander)","J086","","2","","kg","""2026-08-22T13:49:23.860Z""","""public"".""stock_in_entries"""
"6a89a30e3fb8c43ecce7c639","in_1786550977904","0","2026-08-12T16:09:37.904Z","12-08-2026","stk_110","Chatni Box","J110","","10","","packet","""2026-08-22T13:49:23.860Z""","""public"".""stock_in_entries"""
"6a89a30e3fb8c43ecce7c63a","in_1786636277678","0","2026-08-13T15:51:17.678Z","13-08-2026","stk_55","Dahi (দই / Curd)","J055","","5","","kg","""2026-08-22T13:49:23.860Z""","""public"".""stock_in_entries"""
"6a89a30e3fb8c43ecce7c63b","in_1786642394437","0","2026-08-13T17:33:14.437Z","13-08-2026","stk_55","Dahi (দই / Curd)","J055","","3","","kg","""2026-08-22T13:49:23.860Z""","""public"".""stock_in_entries"""
"6a89a30e3fb8c43ecce7c63c","in_1786686672238","0","2026-08-14T05:51:12.238Z","14-08-2026","stk_85","Lemon (লেবু)","J085","","16","","pcs","""2026-08-22T13:49:23.860Z""","""public"".""stock_in_entries"""
"6a89a30e3fb8c43ecce7c63d","in_1786688947671","0","2026-08-14T06:29:07.671Z","14-08-2026","stk_79","Capsicum","J079","","2.5","","kg","""2026-08-22T13:49:23.860Z""","""public"".""stock_in_entries"""
"6a89a30e3fb8c43ecce7c63e","in_1786688988804","0","2026-08-14T06:29:48.804Z","14-08-2026","stk_83","Tomato (টমেটো)","J083","","5.2","","kg","""2026-08-22T13:49:23.860Z""","""public"".""stock_in_entries"""
"6a89a30e3fb8c43ecce7c63f","in_1786689057679","0","2026-08-14T06:30:57.679Z","14-08-2026","stk_80","Carrot","J080","","3.55","","kg","""2026-08-22T13:49:23.860Z""","""public"".""stock_in_entries"""
"6a89a30e3fb8c43ecce7c640","in_1786689137555","0","2026-08-14T06:32:17.555Z","14-08-2026","stk_82","Green Chilli (কাঁচা লঙ্কা)","J082","","2.15","","kg","""2026-08-22T13:49:23.860Z""","""public"".""stock_in_entries"""
"6a89a30e3fb8c43ecce7c641","in_1786689292250","0","2026-08-14T06:34:52.250Z","14-08-2026","stk_88","Cucumber (শসা)","J088","","2.4","","kg","""2026-08-22T13:49:23.860Z""","""public"".""stock_in_entries"""
"6a89a30e3fb8c43ecce7c642","in_1786729085327","0","2026-08-14T17:38:05.327Z","14-08-2026","stk_71","Thums Up 500ml","J071","","24","","pcs","""2026-08-22T13:49:23.860Z""","""public"".""stock_in_entries"""
"6a89a30e3fb8c43ecce7c643","in_1786729114207","0","2026-08-14T17:38:34.207Z","14-08-2026","stk_73","Sprite 500ml","J073","","24","","pcs","""2026-08-22T13:49:23.860Z""","""public"".""stock_in_entries"""
"6a89a30e3fb8c43ecce7c644","in_1786800343048","0","2026-08-15T13:25:43.048Z","15-08-2026","stk_3","Refined Oil (রেফাইন্ড অয়েল)","J003","","1","","L","""2026-08-22T13:49:23.860Z""","""public"".""stock_in_entries"""
"6a89a30e3fb8c43ecce7c645","in_1786800354459","0","2026-08-15T13:25:54.459Z","15-08-2026","stk_1","Rice (রাইস)","J001","","5","","packet","""2026-08-22T13:49:23.860Z""","""public"".""stock_in_entries"""
"6a89a30e3fb8c43ecce7c646","in_1786800368827","0","2026-08-15T13:26:08.827Z","15-08-2026","stk_76","Onion (পেঁয়াজ)","J076","","7","","kg","""2026-08-22T13:49:23.860Z""","""public"".""stock_in_entries"""
"6a89a30e3fb8c43ecce7c647","in_1786800629301","0","2026-08-15T13:30:29.302Z","15-08-2026","stk_54","Milk (দুধ)","J054","","3","","packet","""2026-08-22T13:49:23.860Z""","""public"".""stock_in_entries"""
"6a89a30e3fb8c43ecce7c648","in_1786800645014","0","2026-08-15T13:30:45.014Z","15-08-2026","stk_55","Dahi (দই / Curd)","J055","","4","","packet","""2026-08-22T13:49:23.860Z""","""public"".""stock_in_entries"""
"6a89a30e3fb8c43ecce7c649","in_1786800721322","0","2026-08-15T13:32:01.322Z","15-08-2026","stk_61","Campa Black 500ml","J061","","24","","pcs","""2026-08-22T13:49:23.860Z""","""public"".""stock_in_entries"""
"6a89a30e3fb8c43ecce7c64a","in_1786800737853","0","2026-08-15T13:32:17.853Z","15-08-2026","stk_62","Campa White 500ml","J062","","24","","pcs","""2026-08-22T13:49:23.860Z""","""public"".""stock_in_entries"""