_id,id,category,cost_price,created_at,date,invoice_no,name,notes,qty,sku,supplier,total_cost,unit,item_id,item_name,item_sku,_migrated_at,_migrated_from
"6a89a2473fb8c43ecce7beef","in_rep_1_1785854327201","","2574","2026-08-04T14:38:54.196Z","04-08-2026","","","Opening stock balance entry from inventory report","4","","Egra Supplier","0","packet","stk_1","Rice (রাইস)","J001","""2026-08-22T13:49:21.913Z""","""public"".""stock_in"""
"6a89a2483fb8c43ecce7bef0","in_rep_2_1785854327201","","107","2026-08-04T14:38:54.196Z","04-08-2026","","","Opening stock balance entry from inventory report","150","","Egra Supplier","0","packet","stk_2","Palm Oil (পাম অয়েল)","J002","""2026-08-22T13:49:21.913Z""","""public"".""stock_in"""
"6a89a2483fb8c43ecce7bef1","in_rep_3_1785854327201","","120","2026-08-04T14:38:54.196Z","04-08-2026","","","Opening stock balance entry from inventory report","5","","Egra Supplier","0","L","stk_3","Refined Oil (রেফাইন্ড অয়েল)","J003","""2026-08-22T13:49:21.913Z""","""public"".""stock_in"""
"6a89a2483fb8c43ecce7bef2","in_rep_4_1785854327201","","180","2026-08-04T14:38:54.196Z","04-08-2026","","","Opening stock balance entry from inventory report","5","","Egra Supplier","0","L","stk_4","Mustard Oil (মাস্টার অয়েল)","J004","""2026-08-22T13:49:21.913Z""","""public"".""stock_in"""
"6a89a2483fb8c43ecce7bef3","in_rep_5_1785854327201","","36.4","2026-08-04T14:38:54.196Z","04-08-2026","","","Opening stock balance entry from inventory report","50","","Egra Supplier","0","kg","stk_5","Maida (মাইদা)","J005","""2026-08-22T13:49:21.913Z""","""public"".""stock_in"""
"6a89a2483fb8c43ecce7bef4","in_rep_6_1785854327201","","44","2026-08-04T14:38:54.196Z","04-08-2026","","","Opening stock balance entry from inventory report","30","","Egra Supplier","0","kg","stk_6","Atta (আটা)","J006","""2026-08-22T13:49:21.913Z""","""public"".""stock_in"""
"6a89a2483fb8c43ecce7bef5","in_rep_7_1785854327201","","10.4","2026-08-04T14:38:54.196Z","04-08-2026","","","Opening stock balance entry from inventory report","100","","Egra Supplier","0","packet","stk_7","Chowmein Noodle (চাউমিন)","J007","""2026-08-22T13:49:21.913Z""","""public"".""stock_in"""
"6a89a2483fb8c43ecce7bef6","in_rep_8_1785854327201","","33.6","2026-08-04T14:38:54.196Z","04-08-2026","","","Opening stock balance entry from inventory report","30","","Egra Supplier","0","packet","stk_8","Tomato Sauce (টমেটো sos)","J008","""2026-08-22T13:49:21.913Z""","""public"".""stock_in"""
"6a89a2483fb8c43ecce7bef7","in_rep_9_1785854327201","","33.6","2026-08-04T14:38:54.196Z","04-08-2026","","","Opening stock balance entry from inventory report","15","","Egra Supplier","0","pcs","stk_9","Chili Sauce","J009","""2026-08-22T13:49:21.913Z""","""public"".""stock_in"""
"6a89a2483fb8c43ecce7bef8","in_rep_10_1785854327201","","65","2026-08-04T14:38:54.196Z","04-08-2026","","","Opening stock balance entry from inventory report","4","","Egra Supplier","0","pcs","stk_10","Soy Sauce","J010","""2026-08-22T13:49:21.913Z""","""public"".""stock_in"""
"6a89a2483fb8c43ecce7bef9","in_rep_11_1785854327201","","45","2026-08-04T14:38:54.196Z","04-08-2026","","","Opening stock balance entry from inventory report","10","","Egra Supplier","0","pcs","stk_11","Vinegar","J011","""2026-08-22T13:49:21.913Z""","""public"".""stock_in"""
"6a89a2483fb8c43ecce7befa","in_rep_12_1785854327201","","62","2026-08-04T14:38:54.196Z","04-08-2026","","","Opening stock balance entry from inventory report","12","","Egra Supplier","0","kg","stk_12","Corn Flour","J012","""2026-08-22T13:49:21.913Z""","""public"".""stock_in"""
"6a89a2483fb8c43ecce7befb","in_rep_13_1785854327201","","12.5","2026-08-04T14:38:54.196Z","04-08-2026","","","Opening stock balance entry from inventory report","120","","Egra Supplier","0","pcs","stk_13","Kasuri Methi","J013","""2026-08-22T13:49:21.913Z""","""public"".""stock_in"""
"6a89a2493fb8c43ecce7befc","in_rep_14_1785854327201","","40","2026-08-04T14:38:54.196Z","04-08-2026","","","Opening stock balance entry from inventory report","20","","Egra Supplier","0","packet","stk_14","Chat Masala","J014","""2026-08-22T13:49:21.913Z""","""public"".""stock_in"""
"6a89a2493fb8c43ecce7befd","in_rep_15_1785854327201","","52","2026-08-04T14:38:54.196Z","04-08-2026","","","Opening stock balance entry from inventory report","10","","Egra Supplier","0","pcs","stk_15","Kashmiri Chilli Powder","J015","""2026-08-22T13:49:21.913Z""","""public"".""stock_in"""
"6a89a2493fb8c43ecce7befe","in_rep_16_1785854327201","","180","2026-08-04T14:38:54.196Z","04-08-2026","","","Opening stock balance entry from inventory report","7","","Egra Supplier","0","kg","stk_16","Ajinomoto (Ajina)","J016","""2026-08-22T13:49:21.913Z""","""public"".""stock_in"""
"6a89a2493fb8c43ecce7beff","in_rep_17_1785854327201","","18.75","2026-08-04T14:38:54.196Z","04-08-2026","","","Opening stock balance entry from inventory report","80","","Egra Supplier","0","packet","stk_17","Chilli Powder","J017","""2026-08-22T13:49:21.913Z""","""public"".""stock_in"""
"6a89a2493fb8c43ecce7bf00","in_rep_18_1785854327201","","12.5","2026-08-04T14:38:54.196Z","04-08-2026","","","Opening stock balance entry from inventory report","50","","Egra Supplier","0","packet","stk_18","Haldi (Turmeric Powder)","J018","""2026-08-22T13:49:21.913Z""","""public"".""stock_in"""
"6a89a2493fb8c43ecce7bf01","in_rep_19_1785854327201","","0.23","2026-08-04T14:38:54.196Z","04-08-2026","","","Opening stock balance entry from inventory report","3000","","Egra Supplier","0","g","stk_19","Jeera (Cumin Seeds)","J019","""2026-08-22T13:49:21.913Z""","""public"".""stock_in"""
"6a89a2493fb8c43ecce7bf02","in_rep_20_1785854327201","","0.14","2026-08-04T14:38:54.196Z","04-08-2026","","","Opening stock balance entry from inventory report","2000","","Egra Supplier","0","g","stk_20","Dal (Pulses)","J020","""2026-08-22T13:49:21.913Z""","""public"".""stock_in"""
"6a89a2493fb8c43ecce7bf03","in_rep_21_1785854327201","","0.16","2026-08-04T14:38:54.196Z","04-08-2026","","","Opening stock balance entry from inventory report","3000","","Egra Supplier","0","g","stk_21","Kabuli Chana","J021","""2026-08-22T13:49:21.913Z""","""public"".""stock_in"""
"6a89a2493fb8c43ecce7bf04","in_rep_22_1785854327201","","0.1","2026-08-04T14:38:54.196Z","04-08-2026","","","Opening stock balance entry from inventory report","2000","","Egra Supplier","0","g","stk_22","Mix Dal","J022","""2026-08-22T13:49:21.913Z""","""public"".""stock_in"""
"6a89a2493fb8c43ecce7bf05","in_rep_23_1785854327201","","46.6","2026-08-04T14:38:54.196Z","04-08-2026","","","Opening stock balance entry from inventory report","6","","Egra Supplier","0","pcs","stk_23","Attar / Essence","J023","""2026-08-22T13:49:21.913Z""","""public"".""stock_in"""
"6a89a2493fb8c43ecce7bf06","in_rep_24_1785854327201","","85","2026-08-04T14:38:54.196Z","04-08-2026","","","Opening stock balance entry from inventory report","4","","Egra Supplier","0","box","stk_24","Red Food Color","J024","""2026-08-22T13:49:21.913Z""","""public"".""stock_in"""
"6a89a2493fb8c43ecce7bf07","in_rep_25_1785854327201","","85","2026-08-04T14:38:54.196Z","04-08-2026","","","Opening stock balance entry from inventory report","2","","Egra Supplier","0","box","stk_25","Yellow Food Color","J025","""2026-08-22T13:49:21.913Z""","""public"".""stock_in"""
"6a89a24a3fb8c43ecce7bf08","in_rep_26_1785854327201","","85","2026-08-04T14:38:54.196Z","04-08-2026","","","Opening stock balance entry from inventory report","2","","Egra Supplier","0","box","stk_26","Green Food Color","J026","""2026-08-22T13:49:21.913Z""","""public"".""stock_in"""
"6a89a24a3fb8c43ecce7bf09","in_rep_27_1785854327201","","0.13","2026-08-04T14:38:54.196Z","04-08-2026","","","Opening stock balance entry from inventory report","1000","","Egra Supplier","0","g","stk_28","Mouri (Fennel Seeds)","J028","""2026-08-22T13:49:21.913Z""","""public"".""stock_in"""
"6a89a24a3fb8c43ecce7bf0a","in_rep_28_1785854327201","","0.06","2026-08-04T14:38:54.196Z","04-08-2026","","","Opening stock balance entry from inventory report","7","","Egra Supplier","0","kg","stk_29","Sugar","J029","""2026-08-22T13:49:21.913Z""","""public"".""stock_in"""
"6a89a24a3fb8c43ecce7bf0b","in_rep_29_1785854327201","","20","2026-08-04T14:38:54.196Z","04-08-2026","","","Opening stock balance entry from inventory report","10","","Egra Supplier","0","packet","stk_30","Posto (Poppy Seeds)","J030","""2026-08-22T13:49:21.913Z""","""public"".""stock_in"""
"6a89a24a3fb8c43ecce7bf0c","in_rep_30_1785854327201","","15","2026-08-04T14:38:54.196Z","04-08-2026","","","Opening stock balance entry from inventory report","12","","Egra Supplier","0","packet","stk_31","Dalda / Vanaspati","J031","""2026-08-22T13:49:21.913Z""","""public"".""stock_in"""
"6a89a24a3fb8c43ecce7bf0d","in_rep_31_1785854327201","","0.6","2026-08-04T14:38:54.196Z","04-08-2026","","","Opening stock balance entry from inventory report","2000","","Egra Supplier","0","g","stk_32","Kaju (Cashew Nuts)","J032","""2026-08-22T13:49:21.913Z""","""public"".""stock_in"""
"6a89a24a3fb8c43ecce7bf0e","in_rep_32_1785854327201","","0.54","2026-08-04T14:38:54.196Z","04-08-2026","","","Opening stock balance entry from inventory report","500","","Egra Supplier","0","g","stk_33","Mogoz (Melon Seeds)","J033","""2026-08-22T13:49:21.913Z""","""public"".""stock_in"""
"6a89a24a3fb8c43ecce7bf0f","in_rep_33_1785854327201","","3.1","2026-08-04T14:38:54.196Z","04-08-2026","","","Opening stock balance entry from inventory report","700","","Egra Supplier","0","g","stk_34","Elachi (Cardamom)","J034","""2026-08-22T13:49:21.913Z""","""public"".""stock_in"""
"6a89a24a3fb8c43ecce7bf10","in_rep_34_1785854327201","","0.46","2026-08-04T14:38:54.196Z","04-08-2026","","","Opening stock balance entry from inventory report","300","","Egra Supplier","0","g","stk_35","Long (Cloves)","J035","""2026-08-22T13:49:21.913Z""","""public"".""stock_in"""
"6a89a24a3fb8c43ecce7bf11","in_rep_35_1785854327201","","2.58","2026-08-04T14:38:54.196Z","04-08-2026","","","Opening stock balance entry from inventory report","450","","Egra Supplier","0","g","stk_36","Jaitri (Mace)","J036","""2026-08-22T13:49:21.913Z""","""public"".""stock_in"""
"6a89a24a3fb8c43ecce7bf12","in_rep_36_1785854327201","","0.28","2026-08-04T14:38:54.196Z","04-08-2026","","","Opening stock balance entry from inventory report","500","","Egra Supplier","0","g","stk_37","Dalchini (Cinnamon)","J037","""2026-08-22T13:49:21.913Z""","""public"".""stock_in"""
"6a89a24a3fb8c43ecce7bf13","in_rep_37_1785854327201","","0.78","2026-08-04T14:38:54.196Z","04-08-2026","","","Opening stock balance entry from inventory report","500","","Egra Supplier","0","g","stk_38","Starful (Star Anise)","J038","""2026-08-22T13:49:21.913Z""","""public"".""stock_in"""
"6a89a24a3fb8c43ecce7bf14","in_rep_38_1785854327201","","0.8","2026-08-04T14:38:54.196Z","04-08-2026","","","Opening stock balance entry from inventory report","450","","Egra Supplier","0","g","stk_39","Rose Petals","J039","""2026-08-22T13:49:21.913Z""","""public"".""stock_in"""
"6a89a24a3fb8c43ecce7bf15","in_rep_39_1785854327201","","230","2026-08-04T14:38:54.196Z","04-08-2026","","","Opening stock balance entry from inventory report","5","","Egra Supplier","0","packet","stk_40","Shahi Jeera","J040","""2026-08-22T13:49:21.913Z""","""public"".""stock_in"""
"6a89a24b3fb8c43ecce7bf16","in_rep_40_1785854327201","","0.78","2026-08-04T14:38:54.196Z","04-08-2026","","","Opening stock balance entry from inventory report","900","","Egra Supplier","0","g","stk_41","Black Pepper (Gol Morich)","J041","""2026-08-22T13:49:21.913Z""","""public"".""stock_in"""
"6a89a24b3fb8c43ecce7bf17","in_rep_41_1785854327201","","590","2026-08-04T14:38:54.196Z","04-08-2026","","","Opening stock balance entry from inventory report","3","","Egra Supplier","0","box","stk_42","Pure Ghee","J042","""2026-08-22T13:49:21.913Z""","""public"".""stock_in"""
"6a89a24b3fb8c43ecce7bf18","in_rep_42_1785854327201","","80","2026-08-04T14:38:54.196Z","04-08-2026","","","Opening stock balance entry from inventory report","1","","Egra Supplier","0","box","stk_43","Baking Powder","J043","""2026-08-22T13:49:21.913Z""","""public"".""stock_in"""
"6a89a24b3fb8c43ecce7bf19","in_rep_43_1785854327201","","145","2026-08-04T14:38:54.196Z","04-08-2026","","","Opening stock balance entry from inventory report","3","","Egra Supplier","0","box","stk_44","Mushroom","J044","""2026-08-22T13:49:21.913Z""","""public"".""stock_in"""
"6a89a24b3fb8c43ecce7bf1a","in_rep_44_1785854327201","","14","2026-08-04T14:38:54.196Z","04-08-2026","","","Opening stock balance entry from inventory report","30","","Egra Supplier","0","packet","stk_46","Papad","J046","""2026-08-22T13:49:21.913Z""","""public"".""stock_in"""
"6a89a24b3fb8c43ecce7bf1b","in_1785948630433","","0","2026-08-05T16:50:30.433Z","05-08-2026","","","","2","","","0","packet","stk_125","Vim Liquid Dishwash","J125","""2026-08-22T13:49:21.913Z""","""public"".""stock_in"""
"6a89a24b3fb8c43ecce7bf1c","in_rep_45_1785854327201","","25","2026-08-04T14:38:54.196Z","04-08-2026","","","Opening stock balance entry from inventory report","2","","Egra Supplier","0","kg","stk_49","Black Salt (Bit Nun)","J049","""2026-08-22T13:49:21.913Z""","""public"".""stock_in"""
"6a89a24b3fb8c43ecce7bf1d","in_rep_46_1785854327201","","10.4","2026-08-04T14:38:54.196Z","04-08-2026","","","Opening stock balance entry from inventory report","25","","Egra Supplier","0","pcs","stk_50","Regular Salt","J050","""2026-08-22T13:49:21.913Z""","""public"".""stock_in"""
"6a89a24b3fb8c43ecce7bf1e","in_rep_47_1785854327201","","0.18","2026-08-04T14:38:54.196Z","04-08-2026","","","Opening stock balance entry from inventory report","1500","","Egra Supplier","0","g","stk_51","Dhania (Coriander Seeds)","J051","""2026-08-22T13:49:21.913Z""","""public"".""stock_in"""
"6a89a24b3fb8c43ecce7bf1f","in_rep_48_1785854327201","","30","2026-08-04T14:38:54.196Z","04-08-2026","","","Opening stock balance entry from inventory report","2","","Local Dairy Farm","0","packet","stk_54","Milk (দুধ)","J054","""2026-08-22T13:49:21.913Z""","""public"".""stock_in"""
"6a89a24b3fb8c43ecce7bf20","in_rep_49_1785854327201","","60","2026-08-04T14:38:54.196Z","04-08-2026","","","Opening stock balance entry from inventory report","4","","Local Dairy Farm","0","kg","stk_55","Dahi (দই / Curd)","J055","""2026-08-22T13:49:21.913Z""","""public"".""stock_in"""
"6a89a24b3fb8c43ecce7bf21","in_rep_50_1785854327201","","40","2026-08-04T14:38:54.196Z","04-08-2026","","","Opening stock balance entry from inventory report","150","","Amul Dairy Egra","0","g","stk_56","Paneer (পনির)","J056","""2026-08-22T13:49:21.913Z""","""public"".""stock_in"""
"6a89a24b3fb8c43ecce7bf22","in_rep_51_1785854327201","","60","2026-08-04T14:38:54.196Z","04-08-2026","","","Opening stock balance entry from inventory report","1","","Amul Dairy Egra","0","packet","stk_57","Butter","J057","""2026-08-22T13:49:21.913Z""","""public"".""stock_in"""
"6a89a24b3fb8c43ecce7bf23","in_rep_52_1785854327201","","75","2026-08-04T14:38:54.196Z","04-08-2026","","","Opening stock balance entry from inventory report","5","","Amul Dairy Egra","0","packet","stk_58","Amul Fresh Cream","J058","""2026-08-22T13:49:21.913Z""","""public"".""stock_in"""
"6a89a24b3fb8c43ecce7bf24","in_rep_53_1785854327201","","145","2026-08-04T14:38:54.196Z","04-08-2026","","","Opening stock balance entry from inventory report","1","","Amul Dairy Egra","0","packet","stk_59","Cheese Block / Slice","J059","""2026-08-22T13:49:21.913Z""","""public"".""stock_in"""
"6a89a24b3fb8c43ecce7bf25","in_1785860827603","","0","2026-08-04T16:27:07.604Z","04-08-2026","","","","180","","","0","pcs","stk_47","Kissan Tomato Sauce Pouch","J047","""2026-08-22T13:49:21.913Z""","""public"".""stock_in"""
"6a89a24c3fb8c43ecce7bf26","in_1785860841586","","0","2026-08-04T16:27:21.586Z","04-08-2026","","","","50","","","0","pcs","stk_48","Jaljeera Powder","J048","""2026-08-22T13:49:21.913Z""","""public"".""stock_in"""
"6a89a24c3fb8c43ecce7bf27","in_1785860857242","","0","2026-08-04T16:27:37.242Z","04-08-2026","","","","7","","","0","packet","stk_52","Egg (ডিম)","J052","""2026-08-22T13:49:21.913Z""","""public"".""stock_in"""
"6a89a24c3fb8c43ecce7bf28","in_1785861316346","","0","2026-08-04T16:35:16.346Z","04-08-2026","","","","8","","","0","pcs","stk_59","Cheese Block / Slice","J059","""2026-08-22T13:49:21.913Z""","""public"".""stock_in"""
"6a89a24c3fb8c43ecce7bf29","in_1785867226260","","0","2026-08-04T18:13:46.261Z","04-08-2026","","","","7000","","","0","g","stk_29","Sugar","J029","""2026-08-22T13:49:21.913Z""","""public"".""stock_in"""
"6a89a24c3fb8c43ecce7bf2a","in_1785868870914","","0","2026-08-04T18:41:10.914Z","04-08-2026","","","","20","","","0","kg","stk_75","Potato (আলু)","J075","""2026-08-22T13:49:21.913Z""","""public"".""stock_in"""
"6a89a24c3fb8c43ecce7bf2b","in_1785868903675","","0","2026-08-04T18:41:43.676Z","04-08-2026","","","","30","","","0","kg","stk_76","Onion (পেঁয়াজ)","J076","""2026-08-22T13:49:21.913Z""","""public"".""stock_in"""
"6a89a24c3fb8c43ecce7bf2c","in_1785868940687","","0","2026-08-04T18:42:20.687Z","04-08-2026","","","","4.5","","","0","kg","stk_79","Capsicum","J079","""2026-08-22T13:49:21.913Z""","""public"".""stock_in"""
"6a89a24c3fb8c43ecce7bf2d","in_1785868961589","","0","2026-08-04T18:42:41.590Z","04-08-2026","","","","3","","","0","kg","stk_80","Carrot","J080","""2026-08-22T13:49:21.913Z""","""public"".""stock_in"""
"6a89a24c3fb8c43ecce7bf2e","in_1785868986681","","0","2026-08-04T18:43:06.681Z","04-08-2026","","","","2.5","","","0","kg","stk_82","Green Chilli (কাঁচা লঙ্কা)","J082","""2026-08-22T13:49:21.913Z""","""public"".""stock_in"""
"6a89a24c3fb8c43ecce7bf2f","in_1785869012766","","0","2026-08-04T18:43:32.766Z","04-08-2026","","","","5","","","0","kg","stk_83","Tomato (টমেটো)","J083","""2026-08-22T13:49:21.913Z""","""public"".""stock_in"""
"6a89a24c3fb8c43ecce7bf30","in_1785869053424","","0","2026-08-04T18:44:13.425Z","04-08-2026","","","","10","","","0","kg","stk_84","Cabbage (বাঁধাকপি)","J084","""2026-08-22T13:49:21.913Z""","""public"".""stock_in"""
"6a89a24c3fb8c43ecce7bf31","in_1785869072068","","0","2026-08-04T18:44:32.068Z","04-08-2026","","","","50","","","0","pcs","stk_85","Lemon (লেবু)","J085","""2026-08-22T13:49:21.913Z""","""public"".""stock_in"""
"6a89a24c3fb8c43ecce7bf32","in_1785869091357","","0","2026-08-04T18:44:51.357Z","04-08-2026","","","","9","","","0","kg","stk_86","Dhania Pata (Coriander)","J086","""2026-08-22T13:49:21.913Z""","""public"".""stock_in"""
"6a89a24c3fb8c43ecce7bf33","in_1785869141952","","0","2026-08-04T18:45:41.952Z","04-08-2026","","","","5","","","0","kg","stk_88","Cucumber (শসা)","J088","""2026-08-22T13:49:21.913Z""","""public"".""stock_in"""
"6a89a24c3fb8c43ecce7bf34","in_1785869360353","","0","2026-08-04T18:49:20.353Z","04-08-2026","","","","1","","","0","kg","stk_83","Tomato (টমেটো)","J083","""2026-08-22T13:49:21.913Z""","""public"".""stock_in"""
"6a89a24c3fb8c43ecce7bf35","in_1785870020726","","0","2026-08-04T19:00:20.726Z","04-08-2026","","","","3","","","0","packet","stk_54","Milk (দুধ)","J054","""2026-08-22T13:49:21.913Z""","""public"".""stock_in"""
"6a89a24c3fb8c43ecce7bf36","in_1785870126651","","0","2026-08-04T19:02:06.651Z","04-08-2026","","","","16","","","0","kg","stk_55","Dahi (দই / Curd)","J055","""2026-08-22T13:49:21.913Z""","""public"".""stock_in"""
"6a89a24d3fb8c43ecce7bf37","in_1785940034958","","0","2026-08-05T14:27:14.958Z","05-08-2026","","","","1000","","","0","g","stk_27","Dry Chilli","J027","""2026-08-22T13:49:21.913Z""","""public"".""stock_in"""
"6a89a24d3fb8c43ecce7bf38","in_1785942899649","","0","2026-08-05T15:14:59.650Z","05-08-2026","","","","3","","","0","packet","stk_1785942899649","rabar hand glove","J135","""2026-08-22T13:49:21.913Z""","""public"".""stock_in"""
"6a89a24d3fb8c43ecce7bf39","in_1785942932899","","0","2026-08-05T15:15:32.899Z","05-08-2026","","","","500","","","0","pcs","stk_104","1000ml Container","J104","""2026-08-22T13:49:21.913Z""","""public"".""stock_in"""
"6a89a24d3fb8c43ecce7bf3a","in_1785942956169","","0","2026-08-05T15:15:56.169Z","05-08-2026","","","","500","","","0","pcs","stk_105","750ml Silver Container","J105","""2026-08-22T13:49:21.913Z""","""public"".""stock_in"""
"6a89a24d3fb8c43ecce7bf3b","in_1785942972849","","0","2026-08-05T15:16:12.849Z","05-08-2026","","","","500","","","0","pcs","stk_106","750ml Container","J106","""2026-08-22T13:49:21.913Z""","""public"".""stock_in"""
"6a89a24d3fb8c43ecce7bf3c","in_1785942986785","","0","2026-08-05T15:16:26.785Z","05-08-2026","","","","150","","","0","pcs","stk_107","500ml Container","J107","""2026-08-22T13:49:21.913Z""","""public"".""stock_in"""
"6a89a24d3fb8c43ecce7bf3d","in_1785943012719","","0","2026-08-05T15:16:52.719Z","05-08-2026","","","","10","","","0","packet","stk_111","16x20 Carry Bag","J111","""2026-08-22T13:49:21.913Z""","""public"".""stock_in"""
"6a89a24d3fb8c43ecce7bf3e","in_1785943030001","","0","2026-08-05T15:17:10.001Z","05-08-2026","","","","10","","","0","packet","stk_112","13x16 Carry Bag","J112","""2026-08-22T13:49:21.913Z""","""public"".""stock_in"""
"6a89a24d3fb8c43ecce7bf3f","in_1785943055940","","0","2026-08-05T15:17:35.940Z","05-08-2026","","","","250","","","0","kg","stk_113","Rubber Band Small (Gardar)","J113","""2026-08-22T13:49:21.913Z""","""public"".""stock_in"""
"6a89a24d3fb8c43ecce7bf40","in_1785943090313","","0","2026-08-05T15:18:10.314Z","05-08-2026","","","","250","","","0","kg","stk_114","Rubber Band Big (Gardar)","J114","""2026-08-22T13:49:21.913Z""","""public"".""stock_in"""
"6a89a24d3fb8c43ecce7bf41","in_1785943148535","","0","2026-08-05T15:19:08.535Z","05-08-2026","","","","0.25","","","0","kg","stk_113","Rubber Band Small (Gardar)","J113","""2026-08-22T13:49:21.913Z""","""public"".""stock_in"""
"6a89a24d3fb8c43ecce7bf42","in_1785943160330","","0","2026-08-05T15:19:20.330Z","05-08-2026","","","","0.25","","","0","kg","stk_114","Rubber Band Big (Gardar)","J114","""2026-08-22T13:49:21.913Z""","""public"".""stock_in"""
"6a89a24d3fb8c43ecce7bf43","in_1785943176084","","0","2026-08-05T15:19:36.084Z","05-08-2026","","","","2","","","0","pcs","stk_115","Cling Wrap (Clean Tape)","J115","""2026-08-22T13:49:21.913Z""","""public"".""stock_in"""
"6a89a24d3fb8c43ecce7bf44","in_1785943195061","","0","2026-08-05T15:19:55.061Z","05-08-2026","","","","5","","","0","packet","stk_116","7x9 SP Pouch","J116","""2026-08-22T13:49:21.913Z""","""public"".""stock_in"""
"6a89a24d3fb8c43ecce7bf45","in_1785943213661","","0","2026-08-05T15:20:13.661Z","05-08-2026","","","","3","","","0","packet","stk_117","9x12 SP Pouch","J117","""2026-08-22T13:49:21.913Z""","""public"".""stock_in"""
"6a89a24d3fb8c43ecce7bf46","in_1785943226909","","0","2026-08-05T15:20:26.909Z","05-08-2026","","","","3","","","0","pcs","stk_118","6x8 SP Pouch","J118","""2026-08-22T13:49:21.913Z""","""public"".""stock_in"""
"6a89a24e3fb8c43ecce7bf47","in_1785943246883","","0","2026-08-05T15:20:46.883Z","05-08-2026","","","","1","","","0","packet","stk_121","Silver Roll Foil","J121","""2026-08-22T13:49:21.913Z""","""public"".""stock_in"""
"6a89a24e3fb8c43ecce7bf48","in_1785943288363","","0","2026-08-05T15:21:28.363Z","05-08-2026","","","","2","","","0","packet","stk_122","plastic Hand Gloves","J122","""2026-08-22T13:49:21.913Z""","""public"".""stock_in"""
"6a89a24e3fb8c43ecce7bf49","in_1785943319399","","0","2026-08-05T15:21:59.399Z","05-08-2026","","","","2","","","0","packet","stk_123","Chef Cap","J123","""2026-08-22T13:49:21.913Z""","""public"".""stock_in"""
"6a89a24e3fb8c43ecce7bf4a","in_1785943419314","","0","2026-08-05T15:23:39.314Z","05-08-2026","","","","30","","","0","packet","stk_108","Tissue Paper","J108","""2026-08-22T13:49:21.913Z""","""public"".""stock_in"""
"6a89a24e3fb8c43ecce7bf4b","in_1785943473242","","0","2026-08-05T15:24:33.243Z","05-08-2026","","","","33","","","0","pcs","stk_133","thermal copy","J00133","""2026-08-22T13:49:21.913Z""","""public"".""stock_in"""
"6a89a24e3fb8c43ecce7bf4c","in_1785944787556","","0","2026-08-05T15:46:27.556Z","05-08-2026","","","","10","","","0","packet","stk_109","Raita Pouch","J109","""2026-08-22T13:49:21.913Z""","""public"".""stock_in"""
"6a89a24e3fb8c43ecce7bf4d","in_1785944822934","","0","2026-08-05T15:47:02.934Z","05-08-2026","","","","2","","","0","packet","stk_119","Plastic Spoon","J119","""2026-08-22T13:49:21.913Z""","""public"".""stock_in"""
"6a89a24e3fb8c43ecce7bf4e","in_1785945217893","","0","2026-08-05T15:53:37.893Z","05-08-2026","","","","2","","","0","packet","stk_1785945217892","STRO","J137","""2026-08-22T13:49:21.913Z""","""public"".""stock_in"""
"6a89a24e3fb8c43ecce7bf4f","in_1785945290174","","0","2026-08-05T15:54:50.175Z","05-08-2026","","","","24","","","0","pcs","stk_1785945290174","CAMPA JEERA","J138","""2026-08-22T13:49:21.913Z""","""public"".""stock_in"""
"6a89a24e3fb8c43ecce7bf50","in_1785946977550","","0","2026-08-05T16:22:57.550Z","05-08-2026","","","","27","","","0","pcs","stk_62","Campa White 500ml","J062","""2026-08-22T13:49:21.913Z""","""public"".""stock_in"""
"6a89a24e3fb8c43ecce7bf51","in_1785947026044","","0","2026-08-05T16:23:46.045Z","05-08-2026","","","","31","","","0","pcs","stk_62","Campa White 500ml","J062","""2026-08-22T13:49:21.913Z""","""public"".""stock_in"""
"6a89a24e3fb8c43ecce7bf52","in_1785947095859","","0","2026-08-05T16:24:55.860Z","05-08-2026","","","","27","","","0","pcs","stk_61","Campa Black 500ml","J061","""2026-08-22T13:49:21.913Z""","""public"".""stock_in"""
"6a89a24e3fb8c43ecce7bf53","in_1785947171877","","0","2026-08-05T16:26:11.877Z","05-08-2026","","","","24","","","0","pcs","stk_60","Campa White 100ml","J060","""2026-08-22T13:49:21.913Z""","""public"".""stock_in"""
"6a89a24e3fb8c43ecce7bf54","in_1785947215012","","0","2026-08-05T16:26:55.012Z","05-08-2026","","","","4","","","0","pcs","stk_73","Sprite 500ml","J073","""2026-08-22T13:49:21.913Z""","""public"".""stock_in"""
"6a89a24e3fb8c43ecce7bf55","in_1785947241730","","0","2026-08-05T16:27:21.730Z","05-08-2026","","","","4","","","0","pcs","stk_69","Kinley Soda","J069","""2026-08-22T13:49:21.913Z""","""public"".""stock_in"""
"6a89a24e3fb8c43ecce7bf56","in_1785947300869","","0","2026-08-05T16:28:20.869Z","05-08-2026","","","","73","","","0","pcs","stk_64","Bisleri Water 1L","J064","""2026-08-22T13:49:21.913Z""","""public"".""stock_in"""
"6a89a24e3fb8c43ecce7bf57","in_1785947315263","","0","2026-08-05T16:28:35.263Z","05-08-2026","","","","45","","","0","pcs","stk_67","Bisleri Water 500ml","J067","""2026-08-22T13:49:21.913Z""","""public"".""stock_in"""
"6a89a24f3fb8c43ecce7bf58","in_1785948089347","","0","2026-08-05T16:41:29.347Z","05-08-2026","","","","20","","","0","pcs","stk_124","Vim Soap / Bar (Bhim Srap)","J124","""2026-08-22T13:49:21.913Z""","""public"".""stock_in"""
"6a89a24f3fb8c43ecce7bf59","in_1785948170274","","0","2026-08-05T16:42:50.274Z","05-08-2026","","","","3","","","0","packet","stk_126","Surf Excel Detergent","J126","""2026-08-22T13:49:21.913Z""","""public"".""stock_in"""
"6a89a24f3fb8c43ecce7bf5a","in_1785948330748","","0","2026-08-05T16:45:30.748Z","05-08-2026","","","","2","","","0","packet","stk_127","Hand Wash Liquid","J127","""2026-08-22T13:49:21.913Z""","""public"".""stock_in"""
"6a89a24f3fb8c43ecce7bf5b","in_1785948591761","","0","2026-08-05T16:49:51.761Z","05-08-2026","","","","1","","","0","packet","stk_129","Phenyl (Finaile)","J129","""2026-08-22T13:49:21.913Z""","""public"".""stock_in"""
"6a89a24f3fb8c43ecce7bf5c","in_1785948613538","","0","2026-08-05T16:50:13.538Z","05-08-2026","","","","1","","","0","packet","stk_128","Harpic Toilet Cleaner","J128","""2026-08-22T13:49:21.913Z""","""public"".""stock_in"""
"6a89a24f3fb8c43ecce7bf5d","in_1785948738473","","0","2026-08-05T16:52:18.473Z","05-08-2026","","","","6","","","0","kg","stk_79","Capsicum","J079","""2026-08-22T13:49:21.913Z""","""public"".""stock_in"""
"6a89a24f3fb8c43ecce7bf5e","in_1785948763873","","0","2026-08-05T16:52:43.874Z","05-08-2026","","","","5","","","0","kg","stk_80","Carrot","J080","""2026-08-22T13:49:21.913Z""","""public"".""stock_in"""
"6a89a24f3fb8c43ecce7bf5f","in_1785948786679","","0","2026-08-05T16:53:06.679Z","05-08-2026","","","","2","","","0","kg","stk_82","Green Chilli (কাঁচা লঙ্কা)","J082","""2026-08-22T13:49:21.913Z""","""public"".""stock_in"""
"6a89a24f3fb8c43ecce7bf60","in_1785948852865","","0","2026-08-05T16:54:12.865Z","05-08-2026","","","","7","","","0","kg","stk_83","Tomato (টমেটো)","J083","""2026-08-22T13:49:21.913Z""","""public"".""stock_in"""
"6a89a24f3fb8c43ecce7bf61","in_1785948995807","","0","2026-08-05T16:56:35.807Z","05-08-2026","","","","10","","","0","kg","stk_84","Cabbage (বাঁধাকপি)","J084","""2026-08-22T13:49:21.913Z""","""public"".""stock_in"""
"6a89a24f3fb8c43ecce7bf62","in_1785949013119","","0","2026-08-05T16:56:53.119Z","05-08-2026","","","","5","","","0","kg","stk_88","Cucumber (শসা)","J088","""2026-08-22T13:49:21.913Z""","""public"".""stock_in"""
"6a89a24f3fb8c43ecce7bf63","in_1785949026952","","0","2026-08-05T16:57:06.952Z","05-08-2026","","","","1000","","","0","g","stk_27","Dry Chilli","J027","""2026-08-22T13:49:21.913Z""","""public"".""stock_in"""
"6a89a24f3fb8c43ecce7bf64","in_1785949059694","","0","2026-08-05T16:57:39.695Z","05-08-2026","","","","3","","","0","kg","stk_77","Ginger (আদা)","J077","""2026-08-22T13:49:21.913Z""","""public"".""stock_in"""
"6a89a24f3fb8c43ecce7bf65","in_1785949070581","","0","2026-08-05T16:57:50.581Z","05-08-2026","","","","3","","","0","kg","stk_78","Garlic (রসুন)","J078","""2026-08-22T13:49:21.913Z""","""public"".""stock_in"""
"6a89a24f3fb8c43ecce7bf66","in_1785949082733","","0","2026-08-05T16:58:02.733Z","05-08-2026","","","","2.5","","","0","kg","stk_81","Beans","J081","""2026-08-22T13:49:21.913Z""","""public"".""stock_in"""
"6a89a24f3fb8c43ecce7bf67","in_1785949096906","","0","2026-08-05T16:58:16.906Z","05-08-2026","","","","4","","","0","kg","stk_55","Dahi (দই / Curd)","J055","""2026-08-22T13:49:21.913Z""","""public"".""stock_in"""
"6a89a2503fb8c43ecce7bf68","in_1785949120021","","0","2026-08-05T16:58:40.021Z","05-08-2026","","","","2","","","0","packet","stk_54","Milk (দুধ)","J054","""2026-08-22T13:49:21.913Z""","""public"".""stock_in"""
"6a89a2503fb8c43ecce7bf69","in_1785949134277","","0","2026-08-05T16:58:54.277Z","05-08-2026","","","","5","","","0","packet","stk_57","Butter","J057","""2026-08-22T13:49:21.913Z""","""public"".""stock_in"""
"6a89a2503fb8c43ecce7bf6a","in_1785949162502","","0","2026-08-05T16:59:22.502Z","05-08-2026","","","","10","","","0","kg","stk_53","Staff Rice","J053","""2026-08-22T13:49:21.913Z""","""public"".""stock_in"""
"6a89a2503fb8c43ecce7bf6b","in_1786023296387","","0","2026-08-06T13:34:56.388Z","06-08-2026","","","","10","","","0","kg","stk_75","Potato (আলু)","J075","""2026-08-22T13:49:21.913Z""","""public"".""stock_in"""
"6a89a2503fb8c43ecce7bf6c","in_1786023315111","","0","2026-08-06T13:35:15.111Z","06-08-2026","","","","17","","","0","kg","stk_76","Onion (পেঁয়াজ)","J076","""2026-08-22T13:49:21.913Z""","""public"".""stock_in"""
"6a89a2503fb8c43ecce7bf6d","in_1786023338366","","0","2026-08-06T13:35:38.367Z","06-08-2026","","","","250","","","0","g","stk_56","Paneer (পনির)","J056","""2026-08-22T13:49:21.913Z""","""public"".""stock_in"""
"6a89a2503fb8c43ecce7bf6e","in_1786023349415","","0","2026-08-06T13:35:49.415Z","06-08-2026","","","","2","","","0","packet","stk_54","Milk (দুধ)","J054","""2026-08-22T13:49:21.913Z""","""public"".""stock_in"""
"6a89a2503fb8c43ecce7bf6f","in_1786023554320","","0","2026-08-06T13:39:14.321Z","06-08-2026","","","","1","","","0","packet","stk_54","Milk (দুধ)","J054","""2026-08-22T13:49:21.913Z""","""public"".""stock_in"""
"6a89a2503fb8c43ecce7bf70","in_1786024009515","","0","2026-08-06T13:46:49.516Z","06-08-2026","","","","1","","","0","kg","stk_55","Dahi (দই / Curd)","J055","""2026-08-22T13:49:21.913Z""","""public"".""stock_in"""
"6a89a2503fb8c43ecce7bf71","in_1786024035499","","0","2026-08-06T13:47:15.499Z","06-08-2026","","","","2","","","0","kg","stk_55","Dahi (দই / Curd)","J055","""2026-08-22T13:49:21.913Z""","""public"".""stock_in"""
"6a89a2503fb8c43ecce7bf72","in_1786033809641","","0","2026-08-06T16:30:09.643Z","06-08-2026","","","","5","","","0","kg","stk_76","Onion (পেঁয়াজ)","J076","""2026-08-22T13:49:21.913Z""","""public"".""stock_in"""
"6a89a2503fb8c43ecce7bf73","in_1786107725442","","0","2026-08-07T13:02:05.443Z","07-08-2026","","","","4","","","0","packet","stk_52","Egg (ডিম)","J052","""2026-08-22T13:49:21.913Z""","""public"".""stock_in"""
"6a89a2503fb8c43ecce7bf74","in_1786198115506","","0","2026-08-08T14:08:35.507Z","08-08-2026","","","","2","","","0","packet","stk_54","Milk (দুধ)","J054","""2026-08-22T13:49:21.913Z""","""public"".""stock_in"""
"6a89a2503fb8c43ecce7bf75","in_1786198132448","","0","2026-08-08T14:08:52.448Z","08-08-2026","","","","3","","","0","kg","stk_55","Dahi (দই / Curd)","J055","""2026-08-22T13:49:21.913Z""","""public"".""stock_in"""
"6a89a2503fb8c43ecce7bf76","in_1786198191952","","0","2026-08-08T14:09:51.952Z","08-08-2026","","","","3","","","0","kg","stk_76","Onion (পেঁয়াজ)","J076","""2026-08-22T13:49:21.913Z""","""public"".""stock_in"""
"6a89a2503fb8c43ecce7bf77","in_1786291795902","","0","2026-08-09T16:09:55.903Z","09-08-2026","","","","2","","","0","packet","stk_54","Milk (দুধ)","J054","""2026-08-22T13:49:21.913Z""","""public"".""stock_in"""
"6a89a2513fb8c43ecce7bf78","in_1786291805824","","0","2026-08-09T16:10:05.824Z","09-08-2026","","","","5","","","0","kg","stk_55","Dahi (দই / Curd)","J055","""2026-08-22T13:49:21.913Z""","""public"".""stock_in"""
"6a89a2513fb8c43ecce7bf79","in_1786291822920","","0","2026-08-09T16:10:22.921Z","09-08-2026","","","","0.5","","","0","g","stk_56","Paneer (পনির)","J056","""2026-08-22T13:49:21.913Z""","""public"".""stock_in"""
"6a89a2513fb8c43ecce7bf7a","in_1786291841072","","0","2026-08-09T16:10:41.072Z","09-08-2026","","","","5","","","0","packet","stk_58","Amul Fresh Cream","J058","""2026-08-22T13:49:21.913Z""","""public"".""stock_in"""
"6a89a2513fb8c43ecce7bf7b","in_1786291892277","","0","2026-08-09T16:11:32.277Z","09-08-2026","","","","50","","","0","kg","stk_75","Potato (আলু)","J075","""2026-08-22T13:49:21.913Z""","""public"".""stock_in"""
"6a89a2513fb8c43ecce7bf7c","in_1786291910321","","0","2026-08-09T16:11:50.321Z","09-08-2026","","","","50","","","0","kg","stk_76","Onion (পেঁয়াজ)","J076","""2026-08-22T13:49:21.913Z""","""public"".""stock_in"""
"6a89a2513fb8c43ecce7bf7d","in_1786292005255","","0","2026-08-09T16:13:25.255Z","09-08-2026","","","","120","","","0","pcs","stk_64","Bisleri Water 1L","J064","""2026-08-22T13:49:21.913Z""","""public"".""stock_in"""
"6a89a2513fb8c43ecce7bf7e","in_1786378387144","","0","2026-08-10T16:13:07.144Z","10-08-2026","","","","7","","","0","packet","stk_52","Egg (ডিম)","J052","""2026-08-22T13:49:21.913Z""","""public"".""stock_in"""
"6a89a2523fb8c43ecce7bf7f","in_1786429049189","","0","2026-08-11T06:17:29.190Z","11-08-2026","","","","1","","","0","L","stk_4","Mustard Oil (মাস্টার অয়েল)","J004","""2026-08-22T13:49:21.913Z""","""public"".""stock_in"""
"6a89a2523fb8c43ecce7bf80","in_1786429174396","","0","2026-08-11T06:19:34.397Z","11-08-2026","","","","4","","","0","kg","stk_16","Ajinomoto (Ajina)","J016","""2026-08-22T13:49:21.913Z""","""public"".""stock_in"""
"6a89a2523fb8c43ecce7bf81","in_1786459186258","","0","2026-08-11T14:39:46.258Z","11-08-2026","","","","2","","","0","packet","stk_54","Milk (দুধ)","J054","""2026-08-22T13:49:21.913Z""","""public"".""stock_in"""
"6a89a2523fb8c43ecce7bf82","in_1786459199983","","0","2026-08-11T14:39:59.983Z","11-08-2026","","","","8","","","0","kg","stk_55","Dahi (দই / Curd)","J055","""2026-08-22T13:49:21.913Z""","""public"".""stock_in"""
"6a89a2523fb8c43ecce7bf83","in_1786459223902","","0","2026-08-11T14:40:23.902Z","11-08-2026","","","","2","","","0","kg","stk_83","Tomato (টমেটো)","J083","""2026-08-22T13:49:21.913Z""","""public"".""stock_in"""
"6a89a2523fb8c43ecce7bf84","in_1786459246307","","0","2026-08-11T14:40:46.307Z","11-08-2026","","","","0.3","","","0","kg","stk_86","Dhania Pata (Coriander)","J086","""2026-08-22T13:49:21.913Z""","""public"".""stock_in"""
"6a89a2533fb8c43ecce7bf85","in_1786550834342","","0","2026-08-12T16:07:14.343Z","12-08-2026","","","","1","","","0","packet","stk_1","Rice (রাইস)","J001","""2026-08-22T13:49:21.913Z""","""public"".""stock_in"""
"6a89a2543fb8c43ecce7bf86","in_1786550852209","","0","2026-08-12T16:07:32.209Z","12-08-2026","","","","2","","","0","packet","stk_54","Milk (দুধ)","J054","""2026-08-22T13:49:21.913Z""","""public"".""stock_in"""
"6a89a2543fb8c43ecce7bf87","in_1786550872712","","0","2026-08-12T16:07:52.712Z","12-08-2026","","","","5","","","0","kg","stk_55","Dahi (দই / Curd)","J055","""2026-08-22T13:49:21.913Z""","""public"".""stock_in"""
"6a89a2553fb8c43ecce7bf88","in_1786550891134","","0","2026-08-12T16:08:11.134Z","12-08-2026","","","","4","","","0","packet","stk_57","Butter","J057","""2026-08-22T13:49:21.913Z""","""public"".""stock_in"""
"6a89a2553fb8c43ecce7bf89","in_1786550911117","","0","2026-08-12T16:08:31.117Z","12-08-2026","","","","3","","","0","kg","stk_77","Ginger (আদা)","J077","""2026-08-22T13:49:21.913Z""","""public"".""stock_in"""
"6a89a2553fb8c43ecce7bf8a","in_1786550923603","","0","2026-08-12T16:08:43.603Z","12-08-2026","","","","3","","","0","kg","stk_78","Garlic (রসুন)","J078","""2026-08-22T13:49:21.913Z""","""public"".""stock_in"""
"6a89a2553fb8c43ecce7bf8b","in_1786550955440","","0","2026-08-12T16:09:15.440Z","12-08-2026","","","","2","","","0","kg","stk_86","Dhania Pata (Coriander)","J086","""2026-08-22T13:49:21.913Z""","""public"".""stock_in"""
"6a89a2553fb8c43ecce7bf8c","in_1786550977904","","0","2026-08-12T16:09:37.904Z","12-08-2026","","","","10","","","0","packet","stk_110","Chatni Box","J110","""2026-08-22T13:49:21.913Z""","""public"".""stock_in"""
"6a89a2553fb8c43ecce7bf8d","in_1786636277678","","0","2026-08-13T15:51:17.678Z","13-08-2026","","","","5","","","0","kg","stk_55","Dahi (দই / Curd)","J055","""2026-08-22T13:49:21.913Z""","""public"".""stock_in"""
"6a89a2553fb8c43ecce7bf8e","in_1786642394437","","0","2026-08-13T17:33:14.437Z","13-08-2026","","","","3","","","0","kg","stk_55","Dahi (দই / Curd)","J055","""2026-08-22T13:49:21.913Z""","""public"".""stock_in"""
"6a89a2553fb8c43ecce7bf8f","in_1786686672238","","0","2026-08-14T05:51:12.238Z","14-08-2026","","","","16","","","0","pcs","stk_85","Lemon (লেবু)","J085","""2026-08-22T13:49:21.913Z""","""public"".""stock_in"""
"6a89a2553fb8c43ecce7bf90","in_1786688947671","","0","2026-08-14T06:29:07.671Z","14-08-2026","","","","2.5","","","0","kg","stk_79","Capsicum","J079","""2026-08-22T13:49:21.913Z""","""public"".""stock_in"""
"6a89a2553fb8c43ecce7bf91","in_1786688988804","","0","2026-08-14T06:29:48.804Z","14-08-2026","","","","5.2","","","0","kg","stk_83","Tomato (টমেটো)","J083","""2026-08-22T13:49:21.913Z""","""public"".""stock_in"""
"6a89a2553fb8c43ecce7bf92","in_1786689057679","","0","2026-08-14T06:30:57.679Z","14-08-2026","","","","3.55","","","0","kg","stk_80","Carrot","J080","""2026-08-22T13:49:21.913Z""","""public"".""stock_in"""
"6a89a2553fb8c43ecce7bf93","in_1786689137555","","0","2026-08-14T06:32:17.555Z","14-08-2026","","","","2.15","","","0","kg","stk_82","Green Chilli (কাঁচা লঙ্কা)","J082","""2026-08-22T13:49:21.913Z""","""public"".""stock_in"""
"6a89a2553fb8c43ecce7bf94","in_1786689292250","","0","2026-08-14T06:34:52.250Z","14-08-2026","","","","2.4","","","0","kg","stk_88","Cucumber (শসা)","J088","""2026-08-22T13:49:21.913Z""","""public"".""stock_in"""
"6a89a2553fb8c43ecce7bf95","in_1786729085327","","0","2026-08-14T17:38:05.327Z","14-08-2026","","","","24","","","0","pcs","stk_71","Thums Up 500ml","J071","""2026-08-22T13:49:21.913Z""","""public"".""stock_in"""
"6a89a2563fb8c43ecce7bf96","in_1786729114207","","0","2026-08-14T17:38:34.207Z","14-08-2026","","","","24","","","0","pcs","stk_73","Sprite 500ml","J073","""2026-08-22T13:49:21.913Z""","""public"".""stock_in"""
"6a89a2563fb8c43ecce7bf97","in_1786800343048","","0","2026-08-15T13:25:43.048Z","15-08-2026","","","","1","","","0","L","stk_3","Refined Oil (রেফাইন্ড অয়েল)","J003","""2026-08-22T13:49:21.913Z""","""public"".""stock_in"""
"6a89a2563fb8c43ecce7bf98","in_1786800354459","","0","2026-08-15T13:25:54.459Z","15-08-2026","","","","5","","","0","packet","stk_1","Rice (রাইস)","J001","""2026-08-22T13:49:21.913Z""","""public"".""stock_in"""
"6a89a2563fb8c43ecce7bf99","in_1786800368827","","0","2026-08-15T13:26:08.827Z","15-08-2026","","","","7","","","0","kg","stk_76","Onion (পেঁয়াজ)","J076","""2026-08-22T13:49:21.913Z""","""public"".""stock_in"""
"6a89a2563fb8c43ecce7bf9a","in_1786800629301","","0","2026-08-15T13:30:29.302Z","15-08-2026","","","","3","","","0","packet","stk_54","Milk (দুধ)","J054","""2026-08-22T13:49:21.913Z""","""public"".""stock_in"""
"6a89a2563fb8c43ecce7bf9b","in_1786800645014","","0","2026-08-15T13:30:45.014Z","15-08-2026","","","","4","","","0","packet","stk_55","Dahi (দই / Curd)","J055","""2026-08-22T13:49:21.913Z""","""public"".""stock_in"""
"6a89a2563fb8c43ecce7bf9c","in_1786800721322","","0","2026-08-15T13:32:01.322Z","15-08-2026","","","","24","","","0","pcs","stk_61","Campa Black 500ml","J061","""2026-08-22T13:49:21.913Z""","""public"".""stock_in"""
"6a89a2563fb8c43ecce7bf9d","in_1786800737853","","0","2026-08-15T13:32:17.853Z","15-08-2026","","","","24","","","0","pcs","stk_62","Campa White 500ml","J062","""2026-08-22T13:49:21.913Z""","""public"".""stock_in"""
"6a89a30d3fb8c43ecce7c569","in_1786895317749_0b1x","","30","2026-08-16T15:48:37.749Z","2026-08-16","","","Manual Stock IN entry for J054","2","","Egra Supplier","","packet","stk_54","Milk (দুধ)","J054","""2026-08-22T13:49:21.913Z""","""public"".""stock_in"""
"6a89a30d3fb8c43ecce7c56a","in_1786895334725_rj1m","","80","2026-08-16T15:48:54.725Z","2026-08-16","","","Manual Stock IN entry for J055","5","","Egra Supplier","","packet","stk_55","Dahi (দই / Curd)","J055","""2026-08-22T13:49:21.913Z""","""public"".""stock_in"""
"6a89a30d3fb8c43ecce7c56b","in_1786895354197_o5wg","","200","2026-08-16T15:49:14.197Z","2026-08-16","","","Manual Stock IN entry for J052","4","","Egra Supplier","","packet","stk_52","Egg (ডিম)","J052","""2026-08-22T13:49:21.913Z""","""public"".""stock_in"""
"6a89a30d3fb8c43ecce7c56c","in_1787068893390_lheq","","33","2026-08-18T16:01:33.390Z","2026-08-18","","","Manual Stock IN entry for J076","5","","Egra Supplier","","kg","stk_76","Onion (পেঁয়াজ)","J076","""2026-08-22T13:49:21.913Z""","""public"".""stock_in"""
"6a89a30d3fb8c43ecce7c56d","in_1787068907998_isf3","","80","2026-08-18T16:01:47.998Z","2026-08-18","","","Manual Stock IN entry for J055","4","","Egra Supplier","","packet","stk_55","Dahi (দই / Curd)","J055","""2026-08-22T13:49:21.913Z""","""public"".""stock_in"""
"6a89a30d3fb8c43ecce7c56e","in_1787068923766_nu2j","","60","2026-08-18T16:02:03.766Z","2026-08-18","","","Manual Stock IN entry for J057","5","","Egra Supplier","","packet","stk_57","Butter","J057","""2026-08-22T13:49:21.913Z""","""public"".""stock_in"""
"6a89a30d3fb8c43ecce7c56f","in_1787068939545_zicm","","75","2026-08-18T16:02:19.545Z","2026-08-18","","","Manual Stock IN entry for J058","3","","Egra Supplier","","packet","stk_58","Amul Fresh Cream","J058","""2026-08-22T13:49:21.913Z""","""public"".""stock_in"""
"6a89a30d3fb8c43ecce7c570","in_1787069216847_f39e","","33","2026-08-18T16:06:56.847Z","2026-08-18","","","Manual Stock IN entry for J076","52","","Egra Supplier","","kg","stk_76","Onion (পেঁয়াজ)","J076","""2026-08-22T13:49:21.913Z""","""public"".""stock_in"""
"6a89a30d3fb8c43ecce7c571","in_1787073833691_uya6","","160","2026-08-18T17:23:53.691Z","2026-08-18","","","Manual Stock IN entry for J077","0.5","","Egra Supplier","","kg","stk_77","Ginger (আদা)","J077","""2026-08-22T13:49:21.913Z""","""public"".""stock_in"""
"6a89a30d3fb8c43ecce7c572","in_1787145897648_43az","","120","2026-08-19T13:24:57.648Z","2026-08-19","","","Manual Stock IN entry for J003","2","","Egra Supplier","","L","stk_3","Refined Oil (রেফাইন্ড অয়েল)","J003","""2026-08-22T13:49:21.913Z""","""public"".""stock_in"""
"6a89a30d3fb8c43ecce7c573","in_1787146029039_d8qh","","160","2026-08-19T13:27:09.039Z","2026-08-19","","","Manual Stock IN entry for J077","4","","Egra Supplier","","kg","stk_77","Ginger (আদা)","J077","""2026-08-22T13:49:21.913Z""","""public"".""stock_in"""
"6a89a30d3fb8c43ecce7c574","in_1787146044882_y8uk","","150","2026-08-19T13:27:24.882Z","2026-08-19","","","Manual Stock IN entry for J078","4","","Egra Supplier","","kg","stk_78","Garlic (রসুন)","J078","""2026-08-22T13:49:21.913Z""","""public"".""stock_in"""
"6a89a30d3fb8c43ecce7c575","in_1787146181818_sp0z","","80","2026-08-19T13:29:41.818Z","2026-08-19","","","Manual Stock IN entry for J079","5","","Egra Supplier","","kg","stk_79","Capsicum","J079","""2026-08-22T13:49:21.913Z""","""public"".""stock_in"""
"6a89a30d3fb8c43ecce7c576","in_1787146217066_iuzb","","60","2026-08-19T13:30:17.066Z","2026-08-19","","","Manual Stock IN entry for J081","0.5","","Egra Supplier","","kg","stk_81","Beans","J081","""2026-08-22T13:49:21.913Z""","""public"".""stock_in"""
"6a89a30d3fb8c43ecce7c577","in_1787146238115_88ah","","40","2026-08-19T13:30:38.115Z","2026-08-19","","","Manual Stock IN entry for J083","5","","Egra Supplier","","kg","stk_83","Tomato (টমেটো)","J083","""2026-08-22T13:49:21.913Z""","""public"".""stock_in"""
"6a89a30d3fb8c43ecce7c578","in_1787146262426_bxqr","","30","2026-08-19T13:31:02.426Z","2026-08-19","","","Manual Stock IN entry for J084","6","","Egra Supplier","","kg","stk_84","Cabbage (বাঁধাকপি)","J084","""2026-08-22T13:49:21.913Z""","""public"".""stock_in"""
"6a89a30d3fb8c43ecce7c579","in_1787146286652_wuux","","100","2026-08-19T13:31:26.652Z","2026-08-19","","","Manual Stock IN entry for J086","1.7","","Egra Supplier","","kg","stk_86","Dhania Pata (Coriander)","J086","""2026-08-22T13:49:21.913Z""","""public"".""stock_in"""
"6a89a30d3fb8c43ecce7c57a","in_1787146316908_ugaw","","30","2026-08-19T13:31:56.908Z","2026-08-19","","","Manual Stock IN entry for J054","2","","Egra Supplier","","packet","stk_54","Milk (দুধ)","J054","""2026-08-22T13:49:21.913Z""","""public"".""stock_in"""
"6a89a30d3fb8c43ecce7c57b","in_1787146339246_gdks","","80","2026-08-19T13:32:19.246Z","2026-08-19","","","Manual Stock IN entry for J055","4","","Egra Supplier","","packet","stk_55","Dahi (দই / Curd)","J055","""2026-08-22T13:49:21.913Z""","""public"".""stock_in"""
"6a89a30d3fb8c43ecce7c57c","in_1787146361670_i28v","","70","2026-08-19T13:32:41.670Z","2026-08-19","","","Manual Stock IN entry for J045","2","","Egra Supplier","","box","stk_45","Green Peas","J045","""2026-08-22T13:49:21.913Z""","""public"".""stock_in"""
"6a89a30d3fb8c43ecce7c57d","in_1787146396539_80b1","","55","2026-08-19T13:33:16.539Z","2026-08-19","","","Manual Stock IN entry for J112","12","","Egra Supplier","","packet","stk_112","13x16 Carry Bag","J112","""2026-08-22T13:49:21.913Z""","""public"".""stock_in"""
"6a89a30d3fb8c43ecce7c57e","in_1787146456986_lbuy","","200","2026-08-19T13:34:16.986Z","2026-08-19","","","Manual Stock IN entry for J052","5","","Egra Supplier","","packet","stk_52","Egg (ডিম)","J052","""2026-08-22T13:49:21.913Z""","""public"".""stock_in"""
"6a89a30d3fb8c43ecce7c57f","in_1787146542436_t8ys","","52","2026-08-19T13:35:42.436Z","2026-08-19","","","Manual Stock IN entry for J029","2","","Egra Supplier","","g","stk_29","Sugar","J029","""2026-08-22T13:49:21.913Z""","""public"".""stock_in"""
"6a89a30d3fb8c43ecce7c580","in_1787146702886_mrth","","0.14","2026-08-19T13:38:22.886Z","2026-08-19","","","Manual Stock IN entry for J020","0.5","","Egra Supplier","","g","stk_20","Dal (Pulses)","J020","""2026-08-22T13:49:21.913Z""","""public"".""stock_in"""
"6a89a30d3fb8c43ecce7c581","in_1787154258856_glmw","","2","2026-08-19T15:44:18.856Z","2026-08-19","","","Manual Stock IN entry for J085","20","","Egra Supplier","","pcs","stk_85","Lemon (লেবু)","J085","""2026-08-22T13:49:21.913Z""","""public"".""stock_in"""
"6a89a30d3fb8c43ecce7c582","in_1787155050874_qqp0","","0","2026-08-19T15:57:30.874Z","2026-08-19","","","Workflow Adjustment","5","","Egra Supplier","","packet","stk_134","plastic FOLK","J00134","""2026-08-22T13:49:21.913Z""","""public"".""stock_in"""
"6a89a30d3fb8c43ecce7c583","in_1787156133190_xtj9","","0.14","2026-08-19T16:15:33.190Z","2026-08-19","","","Workflow Adjustment","2000","","Egra Supplier","","g","stk_20","Dal (Pulses)","J020","""2026-08-22T13:49:21.913Z""","""public"".""stock_in"""
"6a89a30d3fb8c43ecce7c584","in_1787157680415_noqk","","40","2026-08-19T16:41:20.415Z","2026-08-19","","","Workflow Adjustment","500","","Egra Supplier","","g","stk_56","Paneer (পনির)","J056","""2026-08-22T13:49:21.913Z""","""public"".""stock_in"""
"6a89a30d3fb8c43ecce7c585","in_1787242430010_vzqx","","30","2026-08-20T16:13:50.010Z","2026-08-20","","","Manual Stock IN entry for J054","3","","Egra Supplier","","packet","stk_54","Milk (দুধ)","J054","""2026-08-22T13:49:21.913Z""","""public"".""stock_in"""
"6a89a30d3fb8c43ecce7c586","in_1787242450210_xstz","","80","2026-08-20T16:14:10.210Z","2026-08-20","","","Manual Stock IN entry for J055","8","","Egra Supplier","","packet","stk_55","Dahi (দই / Curd)","J055","""2026-08-22T13:49:21.913Z""","""public"".""stock_in"""
"6a89a30d3fb8c43ecce7c587","in_1787242524616_m8ft","","35","2026-08-20T16:15:24.616Z","2026-08-20","","","Manual Stock IN entry for J053","5","","Egra Supplier","","kg","stk_53","Staff Rice","J053","""2026-08-22T13:49:21.913Z""","""public"".""stock_in"""
"6a89a30d3fb8c43ecce7c588","in_1787242914458_5krx","","5","2026-08-20T16:21:54.458Z","2026-08-20","","","Manual Stock IN entry for J124","10","","Egra Supplier","","pcs","stk_124","Vim Soap / Bar (Bhim Srap)","J124","""2026-08-22T13:49:21.913Z""","""public"".""stock_in"""
"6a89a30d3fb8c43ecce7c589","in_1787242938312_2u59","","20","2026-08-20T16:22:18.312Z","2026-08-20","","","Manual Stock IN entry for J064","96","","Egra Supplier","","pcs","stk_64","Bisleri Water 1L","J064","""2026-08-22T13:49:21.913Z""","""public"".""stock_in"""
"6a89a30d3fb8c43ecce7c58a","in_1787242992040_d1bk","","10","2026-08-20T16:23:12.040Z","2026-08-20","","","Manual Stock IN entry for J067","72","","Egra Supplier","","pcs","stk_67","Bisleri Water 500ml","J067","""2026-08-22T13:49:21.913Z""","""public"".""stock_in"""
"6a89a30d3fb8c43ecce7c58b","in_1787327315902_p95c","","33.6","2026-08-21T15:48:35.902Z","2026-08-21","","","Workflow Adjustment","10","","Egra Supplier","","pcs","stk_9","Chili Sauce","J009","""2026-08-22T13:49:21.913Z""","""public"".""stock_in"""
"6a89a30d3fb8c43ecce7c58c","in_1787327373719_6yi0","","65","2026-08-21T15:49:33.719Z","2026-08-21","","","Workflow Adjustment","4","","Egra Supplier","","pcs","stk_10","Soy Sauce","J010","""2026-08-22T13:49:21.913Z""","""public"".""stock_in"""
"6a89a30d3fb8c43ecce7c58d","in_1787327608475_dcoo","","180","2026-08-21T15:53:28.475Z","2026-08-21","","","Workflow Adjustment","1","","Egra Supplier","","kg","stk_16","Ajinomoto (Ajina)","J016","""2026-08-22T13:49:21.913Z""","""public"".""stock_in"""
"6a89a30d3fb8c43ecce7c58e","in_1787328885084_cq60","","0.54","2026-08-21T16:14:45.084Z","2026-08-21","","","Workflow Adjustment","109.3","","Egra Supplier","","g","stk_33","Mogoz (Melon Seeds)","J033","""2026-08-22T13:49:21.913Z""","""public"".""stock_in"""
"6a89a30d3fb8c43ecce7c58f","in_1787329150157_qb9q","","0.1","2026-08-21T16:19:10.157Z","2026-08-21","","","Workflow Adjustment","1000","","Egra Supplier","","g","stk_22","Mix Dal","J022","""2026-08-22T13:49:21.913Z""","""public"".""stock_in"""
"6a89a30d3fb8c43ecce7c590","in_1787329678452_bcud","","14","2026-08-21T16:27:58.452Z","2026-08-21","","","Workflow Adjustment","1","","Egra Supplier","","packet","stk_46","Papad","J046","""2026-08-22T13:49:21.913Z""","""public"".""stock_in"""
"6a89a30d3fb8c43ecce7c591","in_1787329832673_x2b6","","52","2026-08-21T16:30:32.673Z","2026-08-21","","","Workflow Adjustment","1","","Egra Supplier","","pcs","stk_15","Kashmiri Chilli Powder","J015","""2026-08-22T13:49:21.913Z""","""public"".""stock_in"""
"6a89a30d3fb8c43ecce7c592","in_1787330054255_6nj1","","85","2026-08-21T16:34:14.255Z","2026-08-21","","","Workflow Adjustment","1","","Egra Supplier","","box","stk_25","Yellow Food Color","J025","""2026-08-22T13:49:21.913Z""","""public"".""stock_in"""
"6a89a30d3fb8c43ecce7c593","in_1787330407013_yiml","","20","2026-08-21T16:40:07.013Z","2026-08-21","","","Workflow Adjustment","5","","Egra Supplier","","pcs","stk_61","Campa Black 500ml","J061","""2026-08-22T13:49:21.913Z""","""public"".""stock_in"""
"6a89a30d3fb8c43ecce7c594","in_1787330638297_p3o4","","20","2026-08-21T16:43:58.297Z","2026-08-21","","","Workflow Adjustment","32","","Egra Supplier","","pcs","stk_69","Kinley Soda","J069","""2026-08-22T13:49:21.913Z""","""public"".""stock_in"""
"6a89a30d3fb8c43ecce7c595","in_1787330669982_n65d","","50","2026-08-21T16:44:29.982Z","2026-08-21","","","Workflow Adjustment","1","","","","pcs","stk_1785945130881","THUMSUP 1L","J136","""2026-08-22T13:49:21.913Z""","""public"".""stock_in"""
"6a89a30d3fb8c43ecce7c596","in_1787330701832_q1cl","","50","2026-08-21T16:45:01.832Z","2026-08-21","","","Workflow Adjustment","8","","","","pcs","stk_1785945130881","THUMSUP 1L","J136","""2026-08-22T13:49:21.913Z""","""public"".""stock_in"""
"6a89a30d3fb8c43ecce7c597","in_1787330747293_kgul","","80","2026-08-21T16:45:47.293Z","2026-08-21","","","Manual Stock IN entry for J055","4","","Egra Supplier","","packet","stk_55","Dahi (দই / Curd)","J055","""2026-08-22T13:49:21.913Z""","""public"".""stock_in"""
"6a89a30d3fb8c43ecce7c598","in_1787330762276_k6s9","","200","2026-08-21T16:46:02.276Z","2026-08-21","","","Manual Stock IN entry for J052","3","","Egra Supplier","","packet","stk_52","Egg (ডিম)","J052","""2026-08-22T13:49:21.913Z""","""public"".""stock_in"""
"6a89a30d3fb8c43ecce7c599","in_1787330789036_bkyt","","40","2026-08-21T16:46:29.036Z","2026-08-21","","","Manual Stock IN entry for J080","2","","Egra Supplier","","kg","stk_80","Carrot","J080","""2026-08-22T13:49:21.913Z""","""public"".""stock_in"""
"6a89a30d3fb8c43ecce7c59a","in_1787332001533_1a43","","14.5","2026-08-21T17:06:41.533Z","2026-08-21","","","Workflow Adjustment","179","","Egra Supplier","","pcs","stk_47","Kissan Tomato Sauce Pouch","J047","""2026-08-22T13:49:21.913Z""","""public"".""stock_in"""
"6a89a30d3fb8c43ecce7c59b","in_1787375005533_61l9","","40","2026-08-22T05:03:25.533Z","2026-08-22","","","Workflow Adjustment","5","","Egra Supplier","","kg","stk_88","Cucumber (শসা)","J088","""2026-08-22T13:49:21.913Z""","""public"".""stock_in"""