_id,id,created_at,date,item_id,item_name,item_sku,notes,qty,unit,used_by,_migrated_at,_migrated_from
"6a89a33e3fb8c43ecce7c7e6","out_1785864757555","2026-08-04T17:32:37.555Z","04-08-2026","stk_2","Palm Oil (পাম অয়েল)","J002","","23","packet","","""2026-08-22T13:49:32.365Z""","""public"".""stock_out_entries"""
"6a89a33e3fb8c43ecce7c7e7","out_1785864785551","2026-08-04T17:33:05.551Z","04-08-2026","stk_7","Chowmein Noodle (চাউমিন)","J007","","15","packet","","""2026-08-22T13:49:32.365Z""","""public"".""stock_out_entries"""
"6a89a33e3fb8c43ecce7c7e8","out_1785864807774","2026-08-04T17:33:27.774Z","04-08-2026","stk_8","Tomato Sauce (টমেটো sos)","J008","","4","packet","","""2026-08-22T13:49:32.365Z""","""public"".""stock_out_entries"""
"6a89a33e3fb8c43ecce7c7e9","out_1785864849200","2026-08-04T17:34:09.200Z","04-08-2026","stk_13","Kasuri Methi","J013","","3","pcs","","""2026-08-22T13:49:32.365Z""","""public"".""stock_out_entries"""
"6a89a33e3fb8c43ecce7c7ea","out_1785864880360","2026-08-04T17:34:40.360Z","04-08-2026","stk_12","Corn Flour","J012","","1","kg","","""2026-08-22T13:49:32.365Z""","""public"".""stock_out_entries"""
"6a89a33e3fb8c43ecce7c7eb","out_1785864898797","2026-08-04T17:34:58.798Z","04-08-2026","stk_16","Ajinomoto (Ajina)","J016","","2","kg","","""2026-08-22T13:49:32.365Z""","""public"".""stock_out_entries"""
"6a89a33e3fb8c43ecce7c7ec","out_1785864910178","2026-08-04T17:35:10.179Z","04-08-2026","stk_3","Refined Oil (রেফাইন্ড অয়েল)","J003","","1","L","","""2026-08-22T13:49:32.365Z""","""public"".""stock_out_entries"""
"6a89a33e3fb8c43ecce7c7ed","out_1785864922987","2026-08-04T17:35:22.987Z","04-08-2026","stk_4","Mustard Oil (মাস্টার অয়েল)","J004","","1","L","","""2026-08-22T13:49:32.365Z""","""public"".""stock_out_entries"""
"6a89a33e3fb8c43ecce7c7ee","out_1785864937341","2026-08-04T17:35:37.341Z","04-08-2026","stk_1","Rice (রাইস)","J001","","3","packet","","""2026-08-22T13:49:32.365Z""","""public"".""stock_out_entries"""
"6a89a33e3fb8c43ecce7c7ef","out_1785864959818","2026-08-04T17:35:59.818Z","04-08-2026","stk_19","Jeera (Cumin Seeds)","J019","","250","g","","""2026-08-22T13:49:32.365Z""","""public"".""stock_out_entries"""
"6a89a33e3fb8c43ecce7c7f0","out_1785866784751","2026-08-04T18:06:24.751Z","04-08-2026","stk_23","Attar / Essence","J023","","1","pcs","","""2026-08-22T13:49:32.365Z""","""public"".""stock_out_entries"""
"6a89a33e3fb8c43ecce7c7f1","out_1785866796854","2026-08-04T18:06:36.854Z","04-08-2026","stk_6","Atta (আটা)","J006","","5","kg","","""2026-08-22T13:49:32.365Z""","""public"".""stock_out_entries"""
"6a89a33e3fb8c43ecce7c7f2","out_1785866830144","2026-08-04T18:07:10.144Z","04-08-2026","stk_42","Pure Ghee","J042","","1","box","","""2026-08-22T13:49:32.365Z""","""public"".""stock_out_entries"""
"6a89a33e3fb8c43ecce7c7f3","out_1785866843143","2026-08-04T18:07:23.143Z","04-08-2026","stk_11","Vinegar","J011","","1","pcs","","""2026-08-22T13:49:32.365Z""","""public"".""stock_out_entries"""
"6a89a33e3fb8c43ecce7c7f4","out_1785867036876","2026-08-04T18:10:36.876Z","04-08-2026","stk_35","Long (Cloves)","J035","","180","g","","""2026-08-22T13:49:32.365Z""","""public"".""stock_out_entries"""
"6a89a33e3fb8c43ecce7c7f5","out_1785867077467","2026-08-04T18:11:17.467Z","04-08-2026","stk_9","Chili Sauce","J009","","1","pcs","","""2026-08-22T13:49:32.365Z""","""public"".""stock_out_entries"""
"6a89a33e3fb8c43ecce7c7f6","out_1785867090073","2026-08-04T18:11:30.073Z","04-08-2026","stk_15","Kashmiri Chilli Powder","J015","","2","pcs","","""2026-08-22T13:49:32.365Z""","""public"".""stock_out_entries"""
"6a89a33e3fb8c43ecce7c7f7","out_1785867139425","2026-08-04T18:12:19.426Z","04-08-2026","stk_29","Sugar","J029","","2300","kg","","""2026-08-22T13:49:32.365Z""","""public"".""stock_out_entries"""
"6a89a33e3fb8c43ecce7c7f8","out_1785869180920","2026-08-04T18:46:20.921Z","04-08-2026","stk_88","Cucumber (শসা)","J088","","3.3","kg","","""2026-08-22T13:49:32.365Z""","""public"".""stock_out_entries"""
"6a89a33e3fb8c43ecce7c7f9","out_1785869272602","2026-08-04T18:47:52.602Z","04-08-2026","stk_83","Tomato (টমেটো)","J083","","6","kg","","""2026-08-22T13:49:32.365Z""","""public"".""stock_out_entries"""
"6a89a33e3fb8c43ecce7c7fa","out_1785869327618","2026-08-04T18:48:47.618Z","04-08-2026","stk_80","Carrot","J080","","2.4","kg","","""2026-08-22T13:49:32.365Z""","""public"".""stock_out_entries"""
"6a89a33e3fb8c43ecce7c7fb","out_1785869410738","2026-08-04T18:50:10.738Z","04-08-2026","stk_79","Capsicum","J079","","2.6","kg","","""2026-08-22T13:49:32.365Z""","""public"".""stock_out_entries"""
"6a89a33e3fb8c43ecce7c7fc","out_1785869437894","2026-08-04T18:50:37.894Z","04-08-2026","stk_84","Cabbage (বাঁধাকপি)","J084","","5.2","kg","","""2026-08-22T13:49:32.365Z""","""public"".""stock_out_entries"""
"6a89a33e3fb8c43ecce7c7fd","out_1785869481457","2026-08-04T18:51:21.457Z","04-08-2026","stk_82","Green Chilli (কাঁচা লঙ্কা)","J082","","1","kg","","""2026-08-22T13:49:32.365Z""","""public"".""stock_out_entries"""
"6a89a33e3fb8c43ecce7c7fe","out_1785869542266","2026-08-04T18:52:22.266Z","04-08-2026","stk_75","Potato (আলু)","J075","","14","kg","","""2026-08-22T13:49:32.365Z""","""public"".""stock_out_entries"""
"6a89a33e3fb8c43ecce7c7ff","out_1785869570672","2026-08-04T18:52:50.672Z","04-08-2026","stk_76","Onion (পেঁয়াজ)","J076","","17.5","kg","","""2026-08-22T13:49:32.365Z""","""public"".""stock_out_entries"""
"6a89a33e3fb8c43ecce7c800","out_1785870005389","2026-08-04T19:00:05.389Z","04-08-2026","stk_54","Milk (দুধ)","J054","","5","packet","","""2026-08-22T13:49:32.365Z""","""public"".""stock_out_entries"""
"6a89a33e3fb8c43ecce7c801","out_1785870140163","2026-08-04T19:02:20.163Z","04-08-2026","stk_55","Dahi (দই / Curd)","J055","","16","kg","","""2026-08-22T13:49:32.365Z""","""public"".""stock_out_entries"""
"6a89a33e3fb8c43ecce7c802","out_1785939924823","2026-08-05T14:25:24.823Z","05-08-2026","stk_5","Maida (মাইদা)","J005","","10","kg","","""2026-08-22T13:49:32.365Z""","""public"".""stock_out_entries"""
"6a89a33e3fb8c43ecce7c803","out_1785949182917","2026-08-05T16:59:42.917Z","05-08-2026","stk_2","Palm Oil (পাম অয়েল)","J002","","5","packet","","""2026-08-22T13:49:32.365Z""","""public"".""stock_out_entries"""
"6a89a33e3fb8c43ecce7c804","out_1785949192445","2026-08-05T16:59:52.445Z","05-08-2026","stk_13","Kasuri Methi","J013","","1","pcs","","""2026-08-22T13:49:32.365Z""","""public"".""stock_out_entries"""
"6a89a33e3fb8c43ecce7c805","out_1785949215631","2026-08-05T17:00:15.631Z","05-08-2026","stk_16","Ajinomoto (Ajina)","J016","","0.5","kg","","""2026-08-22T13:49:32.365Z""","""public"".""stock_out_entries"""
"6a89a33e3fb8c43ecce7c806","out_1785949321783","2026-08-05T17:02:01.783Z","05-08-2026","stk_16","Ajinomoto (Ajina)","J016","","1.5","kg","","""2026-08-22T13:49:32.365Z""","""public"".""stock_out_entries"""
"6a89a33e3fb8c43ecce7c807","out_1785949708709","2026-08-05T17:08:28.709Z","05-08-2026","stk_12","Corn Flour","J012","","1","kg","","""2026-08-22T13:49:32.365Z""","""public"".""stock_out_entries"""
"6a89a33e3fb8c43ecce7c808","out_1785949722775","2026-08-05T17:08:42.775Z","05-08-2026","stk_8","Tomato Sauce (টমেটো sos)","J008","","1","packet","","""2026-08-22T13:49:32.365Z""","""public"".""stock_out_entries"""
"6a89a33e3fb8c43ecce7c809","out_1785949757065","2026-08-05T17:09:17.065Z","05-08-2026","stk_37","Dalchini (Cinnamon)","J037","","150","g","","""2026-08-22T13:49:32.365Z""","""public"".""stock_out_entries"""
"6a89a33e3fb8c43ecce7c80a","out_1785950846062","2026-08-05T17:27:26.062Z","05-08-2026","stk_39","Rose Petals","J039","","100","g","","""2026-08-22T13:49:32.365Z""","""public"".""stock_out_entries"""
"6a89a33e3fb8c43ecce7c80b","out_1785950881273","2026-08-05T17:28:01.273Z","05-08-2026","stk_17","Chilli Powder","J017","","3","packet","","""2026-08-22T13:49:32.365Z""","""public"".""stock_out_entries"""
"6a89a33e3fb8c43ecce7c80c","out_1785951122903","2026-08-05T17:32:02.903Z","05-08-2026","stk_43","Baking Powder","J043","","1","box","","""2026-08-22T13:49:32.365Z""","""public"".""stock_out_entries"""
"6a89a33e3fb8c43ecce7c80d","out_1785951138660","2026-08-05T17:32:18.660Z","05-08-2026","stk_4","Mustard Oil (মাস্টার অয়েল)","J004","","1","L","","""2026-08-22T13:49:32.365Z""","""public"".""stock_out_entries"""
"6a89a33e3fb8c43ecce7c80e","out_1785951157567","2026-08-05T17:32:37.567Z","05-08-2026","stk_44","Mushroom","J044","","1","box","","""2026-08-22T13:49:32.365Z""","""public"".""stock_out_entries"""
"6a89a33e3fb8c43ecce7c80f","out_1785951205072","2026-08-05T17:33:25.072Z","05-08-2026","stk_5","Maida (মাইদা)","J005","","3.5","kg","","""2026-08-22T13:49:32.365Z""","""public"".""stock_out_entries"""
"6a89a33e3fb8c43ecce7c810","out_1785951385961","2026-08-05T17:36:25.961Z","05-08-2026","stk_83","Tomato (টমেটো)","J083","","0.7","kg","","""2026-08-22T13:49:32.365Z""","""public"".""stock_out_entries"""
"6a89a33e3fb8c43ecce7c811","out_1785951420666","2026-08-05T17:37:00.666Z","05-08-2026","stk_79","Capsicum","J079","","0.5","kg","","""2026-08-22T13:49:32.365Z""","""public"".""stock_out_entries"""
"6a89a33e3fb8c43ecce7c812","out_1785951461181","2026-08-05T17:37:41.181Z","05-08-2026","stk_80","Carrot","J080","","0.5","kg","","""2026-08-22T13:49:32.365Z""","""public"".""stock_out_entries"""
"6a89a33e3fb8c43ecce7c813","out_1785951493746","2026-08-05T17:38:13.746Z","05-08-2026","stk_84","Cabbage (বাঁধাকপি)","J084","","0.12","kg","","""2026-08-22T13:49:32.365Z""","""public"".""stock_out_entries"""
"6a89a33e3fb8c43ecce7c814","out_1785951524672","2026-08-05T17:38:44.672Z","05-08-2026","stk_88","Cucumber (শসা)","J088","","0.5","kg","","""2026-08-22T13:49:32.365Z""","""public"".""stock_out_entries"""
"6a89a33e3fb8c43ecce7c815","out_1785951562998","2026-08-05T17:39:22.998Z","05-08-2026","stk_75","Potato (আলু)","J075","","2.5","kg","","""2026-08-22T13:49:32.365Z""","""public"".""stock_out_entries"""
"6a89a33e3fb8c43ecce7c816","out_1785951601369","2026-08-05T17:40:01.369Z","05-08-2026","stk_76","Onion (পেঁয়াজ)","J076","","3.5","kg","","""2026-08-22T13:49:32.365Z""","""public"".""stock_out_entries"""
"6a89a33e3fb8c43ecce7c817","out_1785951623537","2026-08-05T17:40:23.537Z","05-08-2026","stk_82","Green Chilli (কাঁচা লঙ্কা)","J082","","0.2","kg","","""2026-08-22T13:49:32.365Z""","""public"".""stock_out_entries"""
"6a89a33e3fb8c43ecce7c818","out_1785951664679","2026-08-05T17:41:04.680Z","05-08-2026","stk_81","Beans","J081","","0.5","kg","","""2026-08-22T13:49:32.365Z""","""public"".""stock_out_entries"""
"6a89a33e3fb8c43ecce7c819","out_1785951719271","2026-08-05T17:41:59.271Z","05-08-2026","stk_55","Dahi (দই / Curd)","J055","","1","kg","","""2026-08-22T13:49:32.365Z""","""public"".""stock_out_entries"""
"6a89a33e3fb8c43ecce7c81a","out_1785951735791","2026-08-05T17:42:15.791Z","05-08-2026","stk_54","Milk (দুধ)","J054","","2","packet","","""2026-08-22T13:49:32.365Z""","""public"".""stock_out_entries"""
"6a89a33e3fb8c43ecce7c81b","out_1785951776128","2026-08-05T17:42:56.128Z","05-08-2026","stk_57","Butter","J057","","1","packet","","""2026-08-22T13:49:32.365Z""","""public"".""stock_out_entries"""
"6a89a33e3fb8c43ecce7c81c","out_1785951795710","2026-08-05T17:43:15.710Z","05-08-2026","stk_112","13x16 Carry Bag","J112","","1","packet","","""2026-08-22T13:49:32.365Z""","""public"".""stock_out_entries"""
"6a89a33e3fb8c43ecce7c81d","out_1785951863813","2026-08-05T17:44:23.813Z","05-08-2026","stk_64","Bisleri Water 1L","J064","","7","pcs","","""2026-08-22T13:49:32.365Z""","""public"".""stock_out_entries"""
"6a89a33e3fb8c43ecce7c81e","out_1785951877053","2026-08-05T17:44:37.053Z","05-08-2026","stk_67","Bisleri Water 500ml","J067","","4","pcs","","""2026-08-22T13:49:32.365Z""","""public"".""stock_out_entries"""
"6a89a33e3fb8c43ecce7c81f","out_1785951895800","2026-08-05T17:44:55.800Z","05-08-2026","stk_60","Campa White 100ml","J060","","1","pcs","","""2026-08-22T13:49:32.365Z""","""public"".""stock_out_entries"""
"6a89a33e3fb8c43ecce7c820","out_1785951916604","2026-08-05T17:45:16.604Z","05-08-2026","stk_62","Campa White 500ml","J062","","4","pcs","","""2026-08-22T13:49:32.365Z""","""public"".""stock_out_entries"""
"6a89a33e3fb8c43ecce7c821","out_1785951966199","2026-08-05T17:46:06.199Z","05-08-2026","stk_61","Campa Black 500ml","J061","","4","pcs","","""2026-08-22T13:49:32.365Z""","""public"".""stock_out_entries"""
"6a89a33e3fb8c43ecce7c822","out_1786022643398","2026-08-06T13:24:03.398Z","06-08-2026","stk_2","Palm Oil (পাম অয়েল)","J002","","5","packet","","""2026-08-22T13:49:32.365Z""","""public"".""stock_out_entries"""
"6a89a33e3fb8c43ecce7c823","out_1786022652638","2026-08-06T13:24:12.638Z","06-08-2026","stk_7","Chowmein Noodle (চাউমিন)","J007","","2","packet","","""2026-08-22T13:49:32.365Z""","""public"".""stock_out_entries"""
"6a89a33e3fb8c43ecce7c824","out_1786022670844","2026-08-06T13:24:30.844Z","06-08-2026","stk_17","Chilli Powder","J017","","3","packet","","""2026-08-22T13:49:32.365Z""","""public"".""stock_out_entries"""
"6a89a33e3fb8c43ecce7c825","out_1786022689203","2026-08-06T13:24:49.203Z","06-08-2026","stk_18","Haldi (Turmeric Powder)","J018","","4","packet","","""2026-08-22T13:49:32.365Z""","""public"".""stock_out_entries"""
"6a89a33e3fb8c43ecce7c826","out_1786022724488","2026-08-06T13:25:24.488Z","06-08-2026","stk_14","Chat Masala","J014","","1","packet","","""2026-08-22T13:49:32.365Z""","""public"".""stock_out_entries"""
"6a89a33e3fb8c43ecce7c827","out_1786022893094","2026-08-06T13:28:13.095Z","06-08-2026","stk_3","Refined Oil (রেফাইন্ড অয়েল)","J003","","1","L","","""2026-08-22T13:49:32.365Z""","""public"".""stock_out_entries"""
"6a89a33e3fb8c43ecce7c828","out_1786022904965","2026-08-06T13:28:24.965Z","06-08-2026","stk_11","Vinegar","J011","","1","pcs","","""2026-08-22T13:49:32.365Z""","""public"".""stock_out_entries"""
"6a89a33e3fb8c43ecce7c829","out_1786022927163","2026-08-06T13:28:47.163Z","06-08-2026","stk_83","Tomato (টমেটো)","J083","","0.4","kg","","""2026-08-22T13:49:32.365Z""","""public"".""stock_out_entries"""
"6a89a33e3fb8c43ecce7c82a","out_1786022946145","2026-08-06T13:29:06.145Z","06-08-2026","stk_79","Capsicum","J079","","0.7","kg","","""2026-08-22T13:49:32.365Z""","""public"".""stock_out_entries"""
"6a89a33e3fb8c43ecce7c82b","out_1786022961564","2026-08-06T13:29:21.564Z","06-08-2026","stk_80","Carrot","J080","","0.5","kg","","""2026-08-22T13:49:32.365Z""","""public"".""stock_out_entries"""
"6a89a33e3fb8c43ecce7c82c","out_1786023011130","2026-08-06T13:30:11.130Z","06-08-2026","stk_84","Cabbage (বাঁধাকপি)","J084","","1.1","kg","","""2026-08-22T13:49:32.365Z""","""public"".""stock_out_entries"""
"6a89a33e3fb8c43ecce7c82d","out_1786023057497","2026-08-06T13:30:57.497Z","06-08-2026","stk_82","Green Chilli (কাঁচা লঙ্কা)","J082","","0.25","kg","","""2026-08-22T13:49:32.365Z""","""public"".""stock_out_entries"""
"6a89a33e3fb8c43ecce7c82e","out_1786023179377","2026-08-06T13:32:59.377Z","06-08-2026","stk_75","Potato (আলু)","J075","","3.5","kg","","""2026-08-22T13:49:32.365Z""","""public"".""stock_out_entries"""
"6a89a33e3fb8c43ecce7c82f","out_1786023197932","2026-08-06T13:33:17.932Z","06-08-2026","stk_76","Onion (পেঁয়াজ)","J076","","4.5","kg","","""2026-08-22T13:49:32.365Z""","""public"".""stock_out_entries"""
"6a89a33e3fb8c43ecce7c830","out_1786023225110","2026-08-06T13:33:45.111Z","06-08-2026","stk_77","Ginger (আদা)","J077","","3","kg","","""2026-08-22T13:49:32.365Z""","""public"".""stock_out_entries"""
"6a89a33e3fb8c43ecce7c831","out_1786023248603","2026-08-06T13:34:08.603Z","06-08-2026","stk_78","Garlic (রসুন)","J078","","2.2","kg","","""2026-08-22T13:49:32.365Z""","""public"".""stock_out_entries"""
"6a89a33e3fb8c43ecce7c832","out_1786023485756","2026-08-06T13:38:05.756Z","06-08-2026","stk_54","Milk (দুধ)","J054","","1","packet","","""2026-08-22T13:49:32.365Z""","""public"".""stock_out_entries"""
"6a89a33e3fb8c43ecce7c833","out_1786023996037","2026-08-06T13:46:36.037Z","06-08-2026","stk_55","Dahi (দই / Curd)","J055","","4","kg","","""2026-08-22T13:49:32.365Z""","""public"".""stock_out_entries"""
"6a89a33e3fb8c43ecce7c834","out_1786029361252","2026-08-06T15:16:01.252Z","06-08-2026","stk_108","Tissue Paper","J108","","1","packet","","""2026-08-22T13:49:32.365Z""","""public"".""stock_out_entries"""
"6a89a33e3fb8c43ecce7c835","out_1786029411089","2026-08-06T15:16:51.089Z","06-08-2026","stk_104","1000ml Container","J104","","50","pcs","","""2026-08-22T13:49:32.365Z""","""public"".""stock_out_entries"""
"6a89a33e3fb8c43ecce7c836","out_1786032469169","2026-08-06T16:07:49.169Z","06-08-2026","stk_76","Onion (পেঁয়াজ)","J076","","19.5","kg","","""2026-08-22T13:49:32.365Z""","""public"".""stock_out_entries"""
"6a89a33e3fb8c43ecce7c837","out_1786036757121","2026-08-06T17:19:17.121Z","06-08-2026","stk_61","Campa Black 500ml","J061","","5","pcs","","""2026-08-22T13:49:32.365Z""","""public"".""stock_out_entries"""
"6a89a33e3fb8c43ecce7c838","out_1786036830993","2026-08-06T17:20:30.993Z","06-08-2026","stk_74","Sprite 1L","J074","","2","pcs","","""2026-08-22T13:49:32.365Z""","""public"".""stock_out_entries"""
"6a89a33e3fb8c43ecce7c839","out_1786036890633","2026-08-06T17:21:30.634Z","06-08-2026","stk_90","Rs 10 Cone","J090","","4","pcs","","""2026-08-22T13:49:32.365Z""","""public"".""stock_out_entries"""
"6a89a33e3fb8c43ecce7c83a","out_1786036953609","2026-08-06T17:22:33.610Z","06-08-2026","stk_95","Rs 30 Cone","J095","","1","pcs","","""2026-08-22T13:49:32.365Z""","""public"".""stock_out_entries"""
"6a89a33e3fb8c43ecce7c83b","out_1786037778896","2026-08-06T17:36:18.897Z","06-08-2026","stk_93","Rs 20 Stick","J093","","6","pcs","","""2026-08-22T13:49:32.365Z""","""public"".""stock_out_entries"""
"6a89a33e3fb8c43ecce7c83c","out_1786085223319","2026-08-07T06:47:03.320Z","07-08-2026","stk_64","Bisleri Water 1L","J064","","12","pcs","","""2026-08-22T13:49:32.365Z""","""public"".""stock_out_entries"""
"6a89a33e3fb8c43ecce7c83d","out_1786106457642","2026-08-07T12:40:57.642Z","07-08-2026","stk_17","Chilli Powder","J017","","4","packet","","""2026-08-22T13:49:32.365Z""","""public"".""stock_out_entries"""
"6a89a33e3fb8c43ecce7c83e","out_1786106493443","2026-08-07T12:41:33.443Z","07-08-2026","stk_2","Palm Oil (পাম অয়েল)","J002","","5","packet","","""2026-08-22T13:49:32.365Z""","""public"".""stock_out_entries"""
"6a89a33e3fb8c43ecce7c83f","out_1786106537876","2026-08-07T12:42:17.876Z","07-08-2026","stk_5","Maida (মাইদা)","J005","","1","kg","","""2026-08-22T13:49:32.365Z""","""public"".""stock_out_entries"""
"6a89a33e3fb8c43ecce7c840","out_1786106578620","2026-08-07T12:42:58.620Z","07-08-2026","stk_13","Kasuri Methi","J013","","1","pcs","","""2026-08-22T13:49:32.365Z""","""public"".""stock_out_entries"""
"6a89a33e3fb8c43ecce7c841","out_1786106621003","2026-08-07T12:43:41.003Z","07-08-2026","stk_24","Red Food Color","J024","","1","box","","""2026-08-22T13:49:32.365Z""","""public"".""stock_out_entries"""
"6a89a33e3fb8c43ecce7c842","out_1786106661836","2026-08-07T12:44:21.836Z","07-08-2026","stk_30","Posto (Poppy Seeds)","J030","","2","packet","","""2026-08-22T13:49:32.365Z""","""public"".""stock_out_entries"""
"6a89a33e3fb8c43ecce7c843","out_1786106684643","2026-08-07T12:44:44.643Z","07-08-2026","stk_31","Dalda / Vanaspati","J031","","2","packet","","""2026-08-22T13:49:32.365Z""","""public"".""stock_out_entries"""
"6a89a33e3fb8c43ecce7c844","out_1786106716875","2026-08-07T12:45:16.875Z","07-08-2026","stk_33","Mogoz (Melon Seeds)","J033","","100","g","","""2026-08-22T13:49:32.365Z""","""public"".""stock_out_entries"""
"6a89a33e3fb8c43ecce7c845","out_1786106803235","2026-08-07T12:46:43.235Z","07-08-2026","stk_52","Egg (ডিম)","J052","","4","packet","","""2026-08-22T13:49:32.365Z""","""public"".""stock_out_entries"""
"6a89a33e3fb8c43ecce7c846","out_1786106840450","2026-08-07T12:47:20.450Z","07-08-2026","stk_54","Milk (দুধ)","J054","","1","packet","","""2026-08-22T13:49:32.365Z""","""public"".""stock_out_entries"""
"6a89a33e3fb8c43ecce7c847","out_1786106898980","2026-08-07T12:48:18.980Z","07-08-2026","stk_57","Butter","J057","","1","packet","","""2026-08-22T13:49:32.365Z""","""public"".""stock_out_entries"""
"6a89a33e3fb8c43ecce7c848","out_1786106936372","2026-08-07T12:48:56.372Z","07-08-2026","stk_75","Potato (আলু)","J075","","2.8","kg","","""2026-08-22T13:49:32.365Z""","""public"".""stock_out_entries"""
"6a89a33e3fb8c43ecce7c849","out_1786107035699","2026-08-07T12:50:35.699Z","07-08-2026","stk_79","Capsicum","J079","","0.5","kg","","""2026-08-22T13:49:32.365Z""","""public"".""stock_out_entries"""
"6a89a33e3fb8c43ecce7c84a","out_1786107105507","2026-08-07T12:51:45.507Z","07-08-2026","stk_80","Carrot","J080","","0.5","kg","","""2026-08-22T13:49:32.365Z""","""public"".""stock_out_entries"""
"6a89a33e3fb8c43ecce7c84b","out_1786107145947","2026-08-07T12:52:25.947Z","07-08-2026","stk_82","Green Chilli (কাঁচা লঙ্কা)","J082","","0.25","kg","","""2026-08-22T13:49:32.365Z""","""public"".""stock_out_entries"""
"6a89a33e3fb8c43ecce7c84c","out_1786107195811","2026-08-07T12:53:15.811Z","07-08-2026","stk_83","Tomato (টমেটো)","J083","","3.6","kg","","""2026-08-22T13:49:32.365Z""","""public"".""stock_out_entries"""
"6a89a33e3fb8c43ecce7c84d","out_1786107236146","2026-08-07T12:53:56.146Z","07-08-2026","stk_84","Cabbage (বাঁধাকপি)","J084","","1.1","kg","","""2026-08-22T13:49:32.365Z""","""public"".""stock_out_entries"""
"6a89a33e3fb8c43ecce7c84e","out_1786107340259","2026-08-07T12:55:40.259Z","07-08-2026","stk_88","Cucumber (শসা)","J088","","0.6","kg","","""2026-08-22T13:49:32.365Z""","""public"".""stock_out_entries"""
"6a89a33e3fb8c43ecce7c84f","out_1786107452482","2026-08-07T12:57:32.482Z","07-08-2026","stk_112","13x16 Carry Bag","J112","","1","packet","","""2026-08-22T13:49:32.365Z""","""public"".""stock_out_entries"""
"6a89a33e3fb8c43ecce7c850","out_1786107520282","2026-08-07T12:58:40.283Z","07-08-2026","stk_108","Tissue Paper","J108","","2","packet","","""2026-08-22T13:49:32.365Z""","""public"".""stock_out_entries"""
"6a89a33e3fb8c43ecce7c851","out_1786107586971","2026-08-07T12:59:46.971Z","07-08-2026","stk_124","Vim Soap / Bar (Bhim Srap)","J124","","2","pcs","","""2026-08-22T13:49:32.365Z""","""public"".""stock_out_entries"""
"6a89a33e3fb8c43ecce7c852","out_1786111021824","2026-08-07T13:57:01.824Z","07-08-2026","stk_106","750ml Container","J106","","50","pcs","","""2026-08-22T13:49:32.365Z""","""public"".""stock_out_entries"""
"6a89a33e3fb8c43ecce7c853","out_1786114400172","2026-08-07T14:53:20.172Z","07-08-2026","stk_2","Palm Oil (পাম অয়েল)","J002","","3","packet","","""2026-08-22T13:49:32.365Z""","""public"".""stock_out_entries"""
"6a89a33e3fb8c43ecce7c854","out_1786114464177","2026-08-07T14:54:24.177Z","07-08-2026","stk_2","Palm Oil (পাম অয়েল)","J002","","8","packet","","""2026-08-22T13:49:32.365Z""","""public"".""stock_out_entries"""
"6a89a33e3fb8c43ecce7c855","out_1786114507665","2026-08-07T14:55:07.665Z","07-08-2026","stk_46","Papad","J046","","4","packet","","""2026-08-22T13:49:32.365Z""","""public"".""stock_out_entries"""
"6a89a33e3fb8c43ecce7c856","out_1786114701434","2026-08-07T14:58:21.435Z","07-08-2026","stk_14","Chat Masala","J014","","3","packet","","""2026-08-22T13:49:32.365Z""","""public"".""stock_out_entries"""
"6a89a33e3fb8c43ecce7c857","out_1786119805504","2026-08-07T16:23:25.504Z","07-08-2026","stk_68","Local Mineral Water 500ml","J068","","6","pcs","","""2026-08-22T13:49:32.365Z""","""public"".""stock_out_entries"""
"6a89a33e3fb8c43ecce7c858","out_1786122681760","2026-08-07T17:11:21.760Z","07-08-2026","stk_64","Bisleri Water 1L","J064","","7","pcs","","""2026-08-22T13:49:32.365Z""","""public"".""stock_out_entries"""
"6a89a33e3fb8c43ecce7c859","out_1786122711740","2026-08-07T17:11:51.740Z","07-08-2026","stk_67","Bisleri Water 500ml","J067","","6","pcs","","""2026-08-22T13:49:32.365Z""","""public"".""stock_out_entries"""
"6a89a33e3fb8c43ecce7c85a","out_1786122729091","2026-08-07T17:12:09.092Z","07-08-2026","stk_54","Milk (দুধ)","J054","","1","packet","","""2026-08-22T13:49:32.365Z""","""public"".""stock_out_entries"""
"6a89a33e3fb8c43ecce7c85b","out_1786122777692","2026-08-07T17:12:57.692Z","07-08-2026","stk_76","Onion (পেঁয়াজ)","J076","","6.5","kg","","""2026-08-22T13:49:32.365Z""","""public"".""stock_out_entries"""
"6a89a33e3fb8c43ecce7c85c","out_1786124683125","2026-08-07T17:44:43.126Z","07-08-2026","stk_76","Onion (পেঁয়াজ)","J076","","0.5","kg","","""2026-08-22T13:49:32.365Z""","""public"".""stock_out_entries"""
"6a89a33e3fb8c43ecce7c85d","out_1786124883697","2026-08-07T17:48:03.697Z","07-08-2026","stk_52","Egg (ডিম)","J052","","7","packet","","""2026-08-22T13:49:32.365Z""","""public"".""stock_out_entries"""
"6a89a33e3fb8c43ecce7c85e","out_1786125757595","2026-08-07T18:02:37.595Z","07-08-2026","stk_64","Bisleri Water 1L","J064","","3","pcs","","""2026-08-22T13:49:32.365Z""","""public"".""stock_out_entries"""
"6a89a33e3fb8c43ecce7c85f","out_1786125815066","2026-08-07T18:03:35.066Z","07-08-2026","stk_61","Campa Black 500ml","J061","","6","pcs","","""2026-08-22T13:49:32.365Z""","""public"".""stock_out_entries"""
"6a89a33e3fb8c43ecce7c860","out_1786125836133","2026-08-07T18:03:56.133Z","07-08-2026","stk_62","Campa White 500ml","J062","","3","pcs","","""2026-08-22T13:49:32.365Z""","""public"".""stock_out_entries"""
"6a89a33e3fb8c43ecce7c861","out_1786125864126","2026-08-07T18:04:24.126Z","07-08-2026","stk_1785945290174","CAMPA JEERA","J138","","2","pcs","","""2026-08-22T13:49:32.365Z""","""public"".""stock_out_entries"""
"6a89a33e3fb8c43ecce7c862","out_1786197216915","2026-08-08T13:53:36.915Z","08-08-2026","stk_1","Rice (রাইস)","J001","","1","packet","","""2026-08-22T13:49:32.365Z""","""public"".""stock_out_entries"""
"6a89a33e3fb8c43ecce7c863","out_1786197412783","2026-08-08T13:56:52.783Z","08-08-2026","stk_2","Palm Oil (পাম অয়েল)","J002","","5","packet","","""2026-08-22T13:49:32.365Z""","""public"".""stock_out_entries"""
"6a89a33e3fb8c43ecce7c864","out_1786197440426","2026-08-08T13:57:20.426Z","08-08-2026","stk_3","Refined Oil (রেফাইন্ড অয়েল)","J003","","1","L","","""2026-08-22T13:49:32.365Z""","""public"".""stock_out_entries"""
"6a89a33e3fb8c43ecce7c865","out_1786197505334","2026-08-08T13:58:25.334Z","08-08-2026","stk_6","Atta (আটা)","J006","","5","kg","","""2026-08-22T13:49:32.365Z""","""public"".""stock_out_entries"""
"6a89a33e3fb8c43ecce7c866","out_1786197539293","2026-08-08T13:58:59.293Z","08-08-2026","stk_7","Chowmein Noodle (চাউমিন)","J007","","5","packet","","""2026-08-22T13:49:32.365Z""","""public"".""stock_out_entries"""
"6a89a33e3fb8c43ecce7c867","out_1786197644633","2026-08-08T14:00:44.633Z","08-08-2026","stk_8","Tomato Sauce (টমেটো sos)","J008","","1","packet","","""2026-08-22T13:49:32.365Z""","""public"".""stock_out_entries"""
"6a89a33e3fb8c43ecce7c868","out_1786197661319","2026-08-08T14:01:01.319Z","08-08-2026","stk_9","Chili Sauce","J009","","1","pcs","","""2026-08-22T13:49:32.365Z""","""public"".""stock_out_entries"""
"6a89a33e3fb8c43ecce7c869","out_1786197678745","2026-08-08T14:01:18.746Z","08-08-2026","stk_11","Vinegar","J011","","1","pcs","","""2026-08-22T13:49:32.365Z""","""public"".""stock_out_entries"""
"6a89a33e3fb8c43ecce7c86a","out_1786198083495","2026-08-08T14:08:03.496Z","08-08-2026","stk_13","Kasuri Methi","J013","","1","pcs","","""2026-08-22T13:49:32.365Z""","""public"".""stock_out_entries"""
"6a89a33e3fb8c43ecce7c86b","out_1786198277440","2026-08-08T14:11:17.440Z","08-08-2026","stk_75","Potato (আলু)","J075","","4.5","kg","","""2026-08-22T13:49:32.365Z""","""public"".""stock_out_entries"""
"6a89a33e3fb8c43ecce7c86c","out_1786198362087","2026-08-08T14:12:42.087Z","08-08-2026","stk_76","Onion (পেঁয়াজ)","J076","","4","kg","","""2026-08-22T13:49:32.365Z""","""public"".""stock_out_entries"""
"6a89a33e3fb8c43ecce7c86d","out_1786198404958","2026-08-08T14:13:24.959Z","08-08-2026","stk_79","Capsicum","J079","","0.8","kg","","""2026-08-22T13:49:32.365Z""","""public"".""stock_out_entries"""
"6a89a33e3fb8c43ecce7c86e","out_1786198441918","2026-08-08T14:14:01.918Z","08-08-2026","stk_80","Carrot","J080","","0.55","kg","","""2026-08-22T13:49:32.365Z""","""public"".""stock_out_entries"""
"6a89a33e3fb8c43ecce7c86f","out_1786198473752","2026-08-08T14:14:33.752Z","08-08-2026","stk_81","Beans","J081","","0.5","kg","","""2026-08-22T13:49:32.365Z""","""public"".""stock_out_entries"""
"6a89a33e3fb8c43ecce7c870","out_1786198557758","2026-08-08T14:15:57.758Z","08-08-2026","stk_82","Green Chilli (কাঁচা লঙ্কা)","J082","","0.25","kg","","""2026-08-22T13:49:32.365Z""","""public"".""stock_out_entries"""
"6a89a33e3fb8c43ecce7c871","out_1786198586555","2026-08-08T14:16:26.555Z","08-08-2026","stk_83","Tomato (টমেটো)","J083","","0.8","kg","","""2026-08-22T13:49:32.365Z""","""public"".""stock_out_entries"""
"6a89a33e3fb8c43ecce7c872","out_1786198774496","2026-08-08T14:19:34.496Z","08-08-2026","stk_84","Cabbage (বাঁধাকপি)","J084","","1.5","kg","","""2026-08-22T13:49:32.365Z""","""public"".""stock_out_entries"""
"6a89a33e3fb8c43ecce7c873","out_1786198807097","2026-08-08T14:20:07.098Z","08-08-2026","stk_88","Cucumber (শসা)","J088","","0.5","kg","","""2026-08-22T13:49:32.365Z""","""public"".""stock_out_entries"""
"6a89a33e3fb8c43ecce7c874","out_1786199383759","2026-08-08T14:29:43.759Z","08-08-2026","stk_55","Dahi (দই / Curd)","J055","","4","kg","","""2026-08-22T13:49:32.365Z""","""public"".""stock_out_entries"""
"6a89a33e3fb8c43ecce7c875","out_1786201641048","2026-08-08T15:07:21.048Z","08-08-2026","stk_112","13x16 Carry Bag","J112","","1","packet","","""2026-08-22T13:49:32.365Z""","""public"".""stock_out_entries"""
"6a89a33e3fb8c43ecce7c876","out_1786205173246","2026-08-08T16:06:13.247Z","08-08-2026","stk_54","Milk (দুধ)","J054","","1","packet","","""2026-08-22T13:49:32.365Z""","""public"".""stock_out_entries"""
"6a89a33e3fb8c43ecce7c877","out_1786205191109","2026-08-08T16:06:31.109Z","08-08-2026","stk_57","Butter","J057","","1","packet","","""2026-08-22T13:49:32.365Z""","""public"".""stock_out_entries"""
"6a89a33e3fb8c43ecce7c878","out_1786207721922","2026-08-08T16:48:41.922Z","08-08-2026","stk_108","Tissue Paper","J108","","2","packet","","""2026-08-22T13:49:32.365Z""","""public"".""stock_out_entries"""
"6a89a33e3fb8c43ecce7c879","out_1786207760259","2026-08-08T16:49:20.259Z","08-08-2026","stk_64","Bisleri Water 1L","J064","","7","pcs","","""2026-08-22T13:49:32.365Z""","""public"".""stock_out_entries"""
"6a89a33e3fb8c43ecce7c87a","out_1786207781197","2026-08-08T16:49:41.198Z","08-08-2026","stk_61","Campa Black 500ml","J061","","4","pcs","","""2026-08-22T13:49:32.365Z""","""public"".""stock_out_entries"""
"6a89a33e3fb8c43ecce7c87b","out_1786207817933","2026-08-08T16:50:17.933Z","08-08-2026","stk_62","Campa White 500ml","J062","","4","pcs","","""2026-08-22T13:49:32.365Z""","""public"".""stock_out_entries"""
"6a89a33e3fb8c43ecce7c87c","out_1786290421948","2026-08-09T15:47:01.949Z","09-08-2026","stk_2","Palm Oil (পাম অয়েল)","J002","","3","packet","","""2026-08-22T13:49:32.365Z""","""public"".""stock_out_entries"""
"6a89a33e3fb8c43ecce7c87d","out_1786290442425","2026-08-09T15:47:22.425Z","09-08-2026","stk_7","Chowmein Noodle (চাউমিন)","J007","","4","packet","","""2026-08-22T13:49:32.365Z""","""public"".""stock_out_entries"""
"6a89a33e3fb8c43ecce7c87e","out_1786290467406","2026-08-09T15:47:47.406Z","09-08-2026","stk_8","Tomato Sauce (টমেটো sos)","J008","","1","packet","","""2026-08-22T13:49:32.365Z""","""public"".""stock_out_entries"""
"6a89a33e3fb8c43ecce7c87f","out_1786290484085","2026-08-09T15:48:04.085Z","09-08-2026","stk_12","Corn Flour","J012","","1","kg","","""2026-08-22T13:49:32.365Z""","""public"".""stock_out_entries"""
"6a89a33e3fb8c43ecce7c880","out_1786290505449","2026-08-09T15:48:25.449Z","09-08-2026","stk_14","Chat Masala","J014","","1","packet","","""2026-08-22T13:49:32.365Z""","""public"".""stock_out_entries"""
"6a89a33e3fb8c43ecce7c881","out_1786290530306","2026-08-09T15:48:50.306Z","09-08-2026","stk_15","Kashmiri Chilli Powder","J015","","2","pcs","","""2026-08-22T13:49:32.365Z""","""public"".""stock_out_entries"""
"6a89a33e3fb8c43ecce7c882","out_1786290573947","2026-08-09T15:49:33.947Z","09-08-2026","stk_19","Jeera (Cumin Seeds)","J019","","0.3","g","","""2026-08-22T13:49:32.365Z""","""public"".""stock_out_entries"""
"6a89a33e3fb8c43ecce7c883","out_1786290622165","2026-08-09T15:50:22.165Z","09-08-2026","stk_23","Attar / Essence","J023","","1","pcs","","""2026-08-22T13:49:32.365Z""","""public"".""stock_out_entries"""
"6a89a33e3fb8c43ecce7c884","out_1786290675266","2026-08-09T15:51:15.266Z","09-08-2026","stk_27","Dry Chilli","J027","","0.2","g","","""2026-08-22T13:49:32.365Z""","""public"".""stock_out_entries"""
"6a89a33e3fb8c43ecce7c885","out_1786290755692","2026-08-09T15:52:35.693Z","09-08-2026","stk_41","Black Pepper (Gol Morich)","J041","","0.15","g","","""2026-08-22T13:49:32.365Z""","""public"".""stock_out_entries"""
"6a89a33e3fb8c43ecce7c886","out_1786290808486","2026-08-09T15:53:28.486Z","09-08-2026","stk_42","Pure Ghee","J042","","1","box","","""2026-08-22T13:49:32.365Z""","""public"".""stock_out_entries"""
"6a89a33e3fb8c43ecce7c887","out_1786290885520","2026-08-09T15:54:45.520Z","09-08-2026","stk_16","Ajinomoto (Ajina)","J016","","1","kg","","""2026-08-22T13:49:32.365Z""","""public"".""stock_out_entries"""
"6a89a33e3fb8c43ecce7c888","out_1786290957474","2026-08-09T15:55:57.474Z","09-08-2026","stk_54","Milk (দুধ)","J054","","1","packet","","""2026-08-22T13:49:32.365Z""","""public"".""stock_out_entries"""
"6a89a33e3fb8c43ecce7c889","out_1786290974911","2026-08-09T15:56:14.911Z","09-08-2026","stk_55","Dahi (দই / Curd)","J055","","2","kg","","""2026-08-22T13:49:32.365Z""","""public"".""stock_out_entries"""
"6a89a33e3fb8c43ecce7c88a","out_1786291004315","2026-08-09T15:56:44.315Z","09-08-2026","stk_56","Paneer (পনির)","J056","","0.25","g","","""2026-08-22T13:49:32.365Z""","""public"".""stock_out_entries"""
"6a89a33e3fb8c43ecce7c88b","out_1786291039660","2026-08-09T15:57:19.660Z","09-08-2026","stk_57","Butter","J057","","1","packet","","""2026-08-22T13:49:32.365Z""","""public"".""stock_out_entries"""
"6a89a33e3fb8c43ecce7c88c","out_1786291076577","2026-08-09T15:57:56.578Z","09-08-2026","stk_75","Potato (আলু)","J075","","2","kg","","""2026-08-22T13:49:32.365Z""","""public"".""stock_out_entries"""
"6a89a33e3fb8c43ecce7c88d","out_1786291388812","2026-08-09T16:03:08.812Z","09-08-2026","stk_79","Capsicum","J079","","0.7","kg","","""2026-08-22T13:49:32.365Z""","""public"".""stock_out_entries"""
"6a89a33e3fb8c43ecce7c88e","out_1786291434672","2026-08-09T16:03:54.672Z","09-08-2026","stk_80","Carrot","J080","","0.7","kg","","""2026-08-22T13:49:32.365Z""","""public"".""stock_out_entries"""
"6a89a33e3fb8c43ecce7c88f","out_1786291461353","2026-08-09T16:04:21.353Z","09-08-2026","stk_82","Green Chilli (কাঁচা লঙ্কা)","J082","","0.35","kg","","""2026-08-22T13:49:32.365Z""","""public"".""stock_out_entries"""
"6a89a33e3fb8c43ecce7c890","out_1786291535809","2026-08-09T16:05:35.809Z","09-08-2026","stk_83","Tomato (টমেটো)","J083","","0.85","kg","","""2026-08-22T13:49:32.365Z""","""public"".""stock_out_entries"""
"6a89a33e3fb8c43ecce7c891","out_1786291596256","2026-08-09T16:06:36.256Z","09-08-2026","stk_84","Cabbage (বাঁধাকপি)","J084","","1.5","kg","","""2026-08-22T13:49:32.365Z""","""public"".""stock_out_entries"""
"6a89a33e3fb8c43ecce7c892","out_1786291623881","2026-08-09T16:07:03.881Z","09-08-2026","stk_76","Onion (পেঁয়াজ)","J076","","3.3","kg","","""2026-08-22T13:49:32.365Z""","""public"".""stock_out_entries"""
"6a89a33e3fb8c43ecce7c893","out_1786291677495","2026-08-09T16:07:57.495Z","09-08-2026","stk_88","Cucumber (শসা)","J088","","0.5","kg","","""2026-08-22T13:49:32.365Z""","""public"".""stock_out_entries"""
"6a89a33e3fb8c43ecce7c894","out_1786291702673","2026-08-09T16:08:22.673Z","09-08-2026","stk_117","9x12 SP Pouch","J117","","1","packet","","""2026-08-22T13:49:32.365Z""","""public"".""stock_out_entries"""
"6a89a33e3fb8c43ecce7c895","out_1786291738887","2026-08-09T16:08:58.887Z","09-08-2026","stk_104","1000ml Container","J104","","50","pcs","","""2026-08-22T13:49:32.365Z""","""public"".""stock_out_entries"""
"6a89a33e3fb8c43ecce7c896","out_1786291769213","2026-08-09T16:09:29.213Z","09-08-2026","stk_108","Tissue Paper","J108","","2","packet","","""2026-08-22T13:49:32.365Z""","""public"".""stock_out_entries"""
"6a89a33e3fb8c43ecce7c897","out_1786292670271","2026-08-09T16:24:30.271Z","09-08-2026","stk_2","Palm Oil (পাম অয়েল)","J002","","2","packet","","""2026-08-22T13:49:32.365Z""","""public"".""stock_out_entries"""
"6a89a33e3fb8c43ecce7c898","out_1786297649900","2026-08-09T17:47:29.901Z","09-08-2026","stk_64","Bisleri Water 1L","J064","","11","pcs","","""2026-08-22T13:49:32.365Z""","""public"".""stock_out_entries"""
"6a89a33e3fb8c43ecce7c899","out_1786297674048","2026-08-09T17:47:54.048Z","09-08-2026","stk_67","Bisleri Water 500ml","J067","","2","pcs","","""2026-08-22T13:49:32.365Z""","""public"".""stock_out_entries"""
"6a89a33e3fb8c43ecce7c89a","out_1786297693070","2026-08-09T17:48:13.070Z","09-08-2026","stk_64","Bisleri Water 1L","J064","","2","pcs","","""2026-08-22T13:49:32.365Z""","""public"".""stock_out_entries"""
"6a89a33e3fb8c43ecce7c89b","out_1786297714761","2026-08-09T17:48:34.761Z","09-08-2026","stk_61","Campa Black 500ml","J061","","5","pcs","","""2026-08-22T13:49:32.365Z""","""public"".""stock_out_entries"""
"6a89a33e3fb8c43ecce7c89c","out_1786377715777","2026-08-10T16:01:55.777Z","10-08-2026","stk_2","Palm Oil (পাম অয়েল)","J002","","5","packet","","""2026-08-22T13:49:32.365Z""","""public"".""stock_out_entries"""
"6a89a33e3fb8c43ecce7c89d","out_1786377753383","2026-08-10T16:02:33.383Z","10-08-2026","stk_8","Tomato Sauce (টমেটো sos)","J008","","1","packet","","""2026-08-22T13:49:32.365Z""","""public"".""stock_out_entries"""
"6a89a33e3fb8c43ecce7c89e","out_1786377776555","2026-08-10T16:02:56.555Z","10-08-2026","stk_13","Kasuri Methi","J013","","1","pcs","","""2026-08-22T13:49:32.365Z""","""public"".""stock_out_entries"""
"6a89a33e3fb8c43ecce7c89f","out_1786377801635","2026-08-10T16:03:21.635Z","10-08-2026","stk_21","Kabuli Chana","J021","","0.7","g","","""2026-08-22T13:49:32.365Z""","""public"".""stock_out_entries"""
"6a89a33e3fb8c43ecce7c8a0","out_1786377825656","2026-08-10T16:03:45.657Z","10-08-2026","stk_17","Chilli Powder","J017","","4","packet","","""2026-08-22T13:49:32.365Z""","""public"".""stock_out_entries"""
"6a89a33e3fb8c43ecce7c8a1","out_1786377863975","2026-08-10T16:04:23.975Z","10-08-2026","stk_29","Sugar","J029","","1.5","g","","""2026-08-22T13:49:32.365Z""","""public"".""stock_out_entries"""
"6a89a33e3fb8c43ecce7c8a2","out_1786377908644","2026-08-10T16:05:08.644Z","10-08-2026","stk_37","Dalchini (Cinnamon)","J037","","0.2","g","","""2026-08-22T13:49:32.365Z""","""public"".""stock_out_entries"""
"6a89a33e3fb8c43ecce7c8a3","out_1786377926118","2026-08-10T16:05:26.118Z","10-08-2026","stk_38","Starful (Star Anise)","J038","","0.18","g","","""2026-08-22T13:49:32.365Z""","""public"".""stock_out_entries"""
"6a89a33e3fb8c43ecce7c8a4","out_1786378000974","2026-08-10T16:06:40.974Z","10-08-2026","stk_55","Dahi (দই / Curd)","J055","","5","kg","","""2026-08-22T13:49:32.365Z""","""public"".""stock_out_entries"""
"6a89a33e3fb8c43ecce7c8a5","out_1786378044674","2026-08-10T16:07:24.674Z","10-08-2026","stk_75","Potato (আলু)","J075","","3","kg","","""2026-08-22T13:49:32.365Z""","""public"".""stock_out_entries"""
"6a89a33e3fb8c43ecce7c8a6","out_1786378065578","2026-08-10T16:07:45.578Z","10-08-2026","stk_76","Onion (পেঁয়াজ)","J076","","10","kg","","""2026-08-22T13:49:32.365Z""","""public"".""stock_out_entries"""
"6a89a33e3fb8c43ecce7c8a7","out_1786378095928","2026-08-10T16:08:15.928Z","10-08-2026","stk_79","Capsicum","J079","","0.5","kg","","""2026-08-22T13:49:32.365Z""","""public"".""stock_out_entries"""
"6a89a33e3fb8c43ecce7c8a8","out_1786378158546","2026-08-10T16:09:18.546Z","10-08-2026","stk_80","Carrot","J080","","0.5","kg","","""2026-08-22T13:49:32.365Z""","""public"".""stock_out_entries"""
"6a89a33e3fb8c43ecce7c8a9","out_1786378184731","2026-08-10T16:09:44.731Z","10-08-2026","stk_82","Green Chilli (কাঁচা লঙ্কা)","J082","","0.2","kg","","""2026-08-22T13:49:32.365Z""","""public"".""stock_out_entries"""
"6a89a33e3fb8c43ecce7c8aa","out_1786378208912","2026-08-10T16:10:08.912Z","10-08-2026","stk_83","Tomato (টমেটো)","J083","","0.3","kg","","""2026-08-22T13:49:32.365Z""","""public"".""stock_out_entries"""
"6a89a33e3fb8c43ecce7c8ab","out_1786378229216","2026-08-10T16:10:29.216Z","10-08-2026","stk_84","Cabbage (বাঁধাকপি)","J084","","1","kg","","""2026-08-22T13:49:32.365Z""","""public"".""stock_out_entries"""
"6a89a33e3fb8c43ecce7c8ac","out_1786378317668","2026-08-10T16:11:57.668Z","10-08-2026","stk_88","Cucumber (শসা)","J088","","0.5","kg","","""2026-08-22T13:49:32.365Z""","""public"".""stock_out_entries"""
"6a89a33e3fb8c43ecce7c8ad","out_1786378339394","2026-08-10T16:12:19.394Z","10-08-2026","stk_112","13x16 Carry Bag","J112","","1","packet","","""2026-08-22T13:49:32.365Z""","""public"".""stock_out_entries"""
"6a89a33e3fb8c43ecce7c8ae","out_1786378363475","2026-08-10T16:12:43.475Z","10-08-2026","stk_108","Tissue Paper","J108","","1","packet","","""2026-08-22T13:49:32.365Z""","""public"".""stock_out_entries"""
"6a89a33e3fb8c43ecce7c8af","out_1786378448716","2026-08-10T16:14:08.716Z","10-08-2026","stk_54","Milk (দুধ)","J054","","1","packet","","""2026-08-22T13:49:32.365Z""","""public"".""stock_out_entries"""
"6a89a33e3fb8c43ecce7c8b0","out_1786381525524","2026-08-10T17:05:25.525Z","10-08-2026","stk_58","Amul Fresh Cream","J058","","1","packet","","""2026-08-22T13:49:32.365Z""","""public"".""stock_out_entries"""
"6a89a33e3fb8c43ecce7c8b1","out_1786383810065","2026-08-10T17:43:30.066Z","10-08-2026","stk_5","Maida (মাইদা)","J005","","4","kg","","""2026-08-22T13:49:32.365Z""","""public"".""stock_out_entries"""
"6a89a33e3fb8c43ecce7c8b2","out_1786385281529","2026-08-10T18:08:01.529Z","10-08-2026","stk_61","Campa Black 500ml","J061","","4","pcs","","""2026-08-22T13:49:32.365Z""","""public"".""stock_out_entries"""
"6a89a33e3fb8c43ecce7c8b3","out_1786385314535","2026-08-10T18:08:34.535Z","10-08-2026","stk_64","Bisleri Water 1L","J064","","7","pcs","","""2026-08-22T13:49:32.365Z""","""public"".""stock_out_entries"""
"6a89a33e3fb8c43ecce7c8b4","out_1786385345629","2026-08-10T18:09:05.629Z","10-08-2026","stk_67","Bisleri Water 500ml","J067","","3","pcs","","""2026-08-22T13:49:32.365Z""","""public"".""stock_out_entries"""
"6a89a33e3fb8c43ecce7c8b5","out_1786428945551","2026-08-11T06:15:45.552Z","11-08-2026","stk_86","Dhania Pata (Coriander)","J086","","9","kg","","""2026-08-22T13:49:32.365Z""","""public"".""stock_out_entries"""
"6a89a33e3fb8c43ecce7c8b6","out_1786429366236","2026-08-11T06:22:46.237Z","11-08-2026","stk_55","Dahi (দই / Curd)","J055","","3","kg","","""2026-08-22T13:49:32.365Z""","""public"".""stock_out_entries"""
"6a89a33e3fb8c43ecce7c8b7","out_1786458201841","2026-08-11T14:23:21.841Z","11-08-2026","stk_2","Palm Oil (পাম অয়েল)","J002","","5","packet","","""2026-08-22T13:49:32.365Z""","""public"".""stock_out_entries"""
"6a89a33e3fb8c43ecce7c8b8","out_1786458397016","2026-08-11T14:26:37.016Z","11-08-2026","stk_8","Tomato Sauce (টমেটো sos)","J008","","1","packet","","""2026-08-22T13:49:32.365Z""","""public"".""stock_out_entries"""
"6a89a33e3fb8c43ecce7c8b9","out_1786458465756","2026-08-11T14:27:45.756Z","11-08-2026","stk_9","Chili Sauce","J009","","1","pcs","","""2026-08-22T13:49:32.365Z""","""public"".""stock_out_entries"""
"6a89a33e3fb8c43ecce7c8ba","out_1786458477875","2026-08-11T14:27:57.875Z","11-08-2026","stk_10","Soy Sauce","J010","","1","pcs","","""2026-08-22T13:49:32.365Z""","""public"".""stock_out_entries"""
"6a89a33e3fb8c43ecce7c8bb","out_1786458492120","2026-08-11T14:28:12.121Z","11-08-2026","stk_11","Vinegar","J011","","1","pcs","","""2026-08-22T13:49:32.365Z""","""public"".""stock_out_entries"""
"6a89a33e3fb8c43ecce7c8bc","out_1786458518622","2026-08-11T14:28:38.622Z","11-08-2026","stk_13","Kasuri Methi","J013","","1","pcs","","""2026-08-22T13:49:32.365Z""","""public"".""stock_out_entries"""
"6a89a33e3fb8c43ecce7c8bd","out_1786458534122","2026-08-11T14:28:54.122Z","11-08-2026","stk_16","Ajinomoto (Ajina)","J016","","0.5","kg","","""2026-08-22T13:49:32.365Z""","""public"".""stock_out_entries"""
"6a89a33e3fb8c43ecce7c8be","out_1786458551622","2026-08-11T14:29:11.622Z","11-08-2026","stk_14","Chat Masala","J014","","2","packet","","""2026-08-22T13:49:32.365Z""","""public"".""stock_out_entries"""
"6a89a33e3fb8c43ecce7c8bf","out_1786458577278","2026-08-11T14:29:37.278Z","11-08-2026","stk_17","Chilli Powder","J017","","5","packet","","""2026-08-22T13:49:32.365Z""","""public"".""stock_out_entries"""
"6a89a33e3fb8c43ecce7c8c0","out_1786458655346","2026-08-11T14:30:55.346Z","11-08-2026","stk_51","Dhania (Coriander Seeds)","J051","","0.1","g","","""2026-08-22T13:49:32.365Z""","""public"".""stock_out_entries"""
"6a89a33e3fb8c43ecce7c8c1","out_1786458689742","2026-08-11T14:31:29.742Z","11-08-2026","stk_54","Milk (দুধ)","J054","","1","packet","","""2026-08-22T13:49:32.365Z""","""public"".""stock_out_entries"""
"6a89a33e3fb8c43ecce7c8c2","out_1786458708506","2026-08-11T14:31:48.506Z","11-08-2026","stk_55","Dahi (দই / Curd)","J055","","4","kg","","""2026-08-22T13:49:32.365Z""","""public"".""stock_out_entries"""
"6a89a33e3fb8c43ecce7c8c3","out_1786458724406","2026-08-11T14:32:04.406Z","11-08-2026","stk_57","Butter","J057","","1","packet","","""2026-08-22T13:49:32.365Z""","""public"".""stock_out_entries"""
"6a89a33e3fb8c43ecce7c8c4","out_1786458741600","2026-08-11T14:32:21.600Z","11-08-2026","stk_58","Amul Fresh Cream","J058","","1","packet","","""2026-08-22T13:49:32.365Z""","""public"".""stock_out_entries"""
"6a89a33e3fb8c43ecce7c8c5","out_1786458816864","2026-08-11T14:33:36.865Z","11-08-2026","stk_75","Potato (আলু)","J075","","3.5","kg","","""2026-08-22T13:49:32.365Z""","""public"".""stock_out_entries"""
"6a89a33e3fb8c43ecce7c8c6","out_1786458839206","2026-08-11T14:33:59.206Z","11-08-2026","stk_76","Onion (পেঁয়াজ)","J076","","2.5","kg","","""2026-08-22T13:49:32.365Z""","""public"".""stock_out_entries"""
"6a89a33e3fb8c43ecce7c8c7","out_1786458863382","2026-08-11T14:34:23.382Z","11-08-2026","stk_79","Capsicum","J079","","0.7","kg","","""2026-08-22T13:49:32.365Z""","""public"".""stock_out_entries"""
"6a89a33e3fb8c43ecce7c8c8","out_1786458887681","2026-08-11T14:34:47.681Z","11-08-2026","stk_80","Carrot","J080","","0.5","kg","","""2026-08-22T13:49:32.365Z""","""public"".""stock_out_entries"""
"6a89a33e3fb8c43ecce7c8c9","out_1786458916942","2026-08-11T14:35:16.942Z","11-08-2026","stk_81","Beans","J081","","0.5","kg","","""2026-08-22T13:49:32.365Z""","""public"".""stock_out_entries"""
"6a89a33e3fb8c43ecce7c8ca","out_1786458939877","2026-08-11T14:35:39.877Z","11-08-2026","stk_82","Green Chilli (কাঁচা লঙ্কা)","J082","","0.25","kg","","""2026-08-22T13:49:32.365Z""","""public"".""stock_out_entries"""
"6a89a33e3fb8c43ecce7c8cb","out_1786458965971","2026-08-11T14:36:05.971Z","11-08-2026","stk_83","Tomato (টমেটো)","J083","","1","kg","","""2026-08-22T13:49:32.365Z""","""public"".""stock_out_entries"""
"6a89a33e3fb8c43ecce7c8cc","out_1786459003880","2026-08-11T14:36:43.880Z","11-08-2026","stk_84","Cabbage (বাঁধাকপি)","J084","","1.2","kg","","""2026-08-22T13:49:32.365Z""","""public"".""stock_out_entries"""
"6a89a33e3fb8c43ecce7c8cd","out_1786459026544","2026-08-11T14:37:06.544Z","11-08-2026","stk_86","Dhania Pata (Coriander)","J086","","0.3","kg","","""2026-08-22T13:49:32.365Z""","""public"".""stock_out_entries"""
"6a89a33e3fb8c43ecce7c8ce","out_1786459048110","2026-08-11T14:37:28.110Z","11-08-2026","stk_88","Cucumber (শসা)","J088","","0.6","kg","","""2026-08-22T13:49:32.365Z""","""public"".""stock_out_entries"""
"6a89a33e3fb8c43ecce7c8cf","out_1786459071380","2026-08-11T14:37:51.380Z","11-08-2026","stk_108","Tissue Paper","J108","","2","packet","","""2026-08-22T13:49:32.365Z""","""public"".""stock_out_entries"""
"6a89a33e3fb8c43ecce7c8d0","out_1786459088672","2026-08-11T14:38:08.672Z","11-08-2026","stk_116","7x9 SP Pouch","J116","","1","packet","","""2026-08-22T13:49:32.365Z""","""public"".""stock_out_entries"""
"6a89a33e3fb8c43ecce7c8d1","out_1786459103370","2026-08-11T14:38:23.370Z","11-08-2026","stk_118","6x8 SP Pouch","J118","","1","pcs","","""2026-08-22T13:49:32.365Z""","""public"".""stock_out_entries"""
"6a89a33e3fb8c43ecce7c8d2","out_1786459118464","2026-08-11T14:38:38.464Z","11-08-2026","stk_111","16x20 Carry Bag","J111","","1","packet","","""2026-08-22T13:49:32.365Z""","""public"".""stock_out_entries"""
"6a89a33e3fb8c43ecce7c8d3","out_1786459147250","2026-08-11T14:39:07.250Z","11-08-2026","stk_104","1000ml Container","J104","","1","pcs","","""2026-08-22T13:49:32.365Z""","""public"".""stock_out_entries"""
"6a89a33e3fb8c43ecce7c8d4","out_1786460653320","2026-08-11T15:04:13.320Z","11-08-2026","stk_88","Cucumber (শসা)","J088","","0.5","kg","","""2026-08-22T13:49:32.365Z""","""public"".""stock_out_entries"""
"6a89a33e3fb8c43ecce7c8d5","out_1786460681170","2026-08-11T15:04:41.170Z","11-08-2026","stk_80","Carrot","J080","","0.5","kg","","""2026-08-22T13:49:32.365Z""","""public"".""stock_out_entries"""
"6a89a33e3fb8c43ecce7c8d6","out_1786462603093","2026-08-11T15:36:43.093Z","11-08-2026","stk_112","13x16 Carry Bag","J112","","2","packet","","""2026-08-22T13:49:32.365Z""","""public"".""stock_out_entries"""
"6a89a33e3fb8c43ecce7c8d7","out_1786463969659","2026-08-11T15:59:29.659Z","11-08-2026","stk_54","Milk (দুধ)","J054","","1","packet","","""2026-08-22T13:49:32.365Z""","""public"".""stock_out_entries"""
"6a89a33e3fb8c43ecce7c8d8","out_1786468209070","2026-08-11T17:10:09.070Z","11-08-2026","stk_3","Refined Oil (রেফাইন্ড অয়েল)","J003","","1","L","","""2026-08-22T13:49:32.365Z""","""public"".""stock_out_entries"""
"6a89a33e3fb8c43ecce7c8d9","out_1786549593608","2026-08-12T15:46:33.608Z","12-08-2026","stk_1","Rice (রাইস)","J001","","1","packet","","""2026-08-22T13:49:32.365Z""","""public"".""stock_out_entries"""
"6a89a33e3fb8c43ecce7c8da","out_1786549778868","2026-08-12T15:49:38.868Z","12-08-2026","stk_2","Palm Oil (পাম অয়েল)","J002","","8","packet","","""2026-08-22T13:49:32.365Z""","""public"".""stock_out_entries"""
"6a89a33e3fb8c43ecce7c8db","out_1786549832864","2026-08-12T15:50:32.864Z","12-08-2026","stk_4","Mustard Oil (মাস্টার অয়েল)","J004","","1","L","","""2026-08-22T13:49:32.365Z""","""public"".""stock_out_entries"""
"6a89a33e3fb8c43ecce7c8dc","out_1786549872278","2026-08-12T15:51:12.278Z","12-08-2026","stk_7","Chowmein Noodle (চাউমিন)","J007","","5","packet","","""2026-08-22T13:49:32.365Z""","""public"".""stock_out_entries"""
"6a89a33e3fb8c43ecce7c8dd","out_1786549902969","2026-08-12T15:51:42.969Z","12-08-2026","stk_13","Kasuri Methi","J013","","1","pcs","","""2026-08-22T13:49:32.365Z""","""public"".""stock_out_entries"""
"6a89a33e3fb8c43ecce7c8de","out_1786549942755","2026-08-12T15:52:22.756Z","12-08-2026","stk_17","Chilli Powder","J017","","5","packet","","""2026-08-22T13:49:32.365Z""","""public"".""stock_out_entries"""
"6a89a33e3fb8c43ecce7c8df","out_1786549955809","2026-08-12T15:52:35.810Z","12-08-2026","stk_18","Haldi (Turmeric Powder)","J018","","4","packet","","""2026-08-22T13:49:32.365Z""","""public"".""stock_out_entries"""
"6a89a33e3fb8c43ecce7c8e0","out_1786550001331","2026-08-12T15:53:21.331Z","12-08-2026","stk_34","Elachi (Cardamom)","J034","","0.1","g","","""2026-08-22T13:49:32.365Z""","""public"".""stock_out_entries"""
"6a89a33e3fb8c43ecce7c8e1","out_1786550026361","2026-08-12T15:53:46.361Z","12-08-2026","stk_35","Long (Cloves)","J035","","0.1","g","","""2026-08-22T13:49:32.365Z""","""public"".""stock_out_entries"""
"6a89a33e3fb8c43ecce7c8e2","out_1786550127583","2026-08-12T15:55:27.583Z","12-08-2026","stk_41","Black Pepper (Gol Morich)","J041","","0.2","g","","""2026-08-22T13:49:32.365Z""","""public"".""stock_out_entries"""
"6a89a33e3fb8c43ecce7c8e3","out_1786550154017","2026-08-12T15:55:54.018Z","12-08-2026","stk_124","Vim Soap / Bar (Bhim Srap)","J124","","3","pcs","","""2026-08-22T13:49:32.365Z""","""public"".""stock_out_entries"""
"6a89a33e3fb8c43ecce7c8e4","out_1786550200343","2026-08-12T15:56:40.344Z","12-08-2026","stk_54","Milk (দুধ)","J054","","1","packet","","""2026-08-22T13:49:32.365Z""","""public"".""stock_out_entries"""
"6a89a33e3fb8c43ecce7c8e5","out_1786550225954","2026-08-12T15:57:05.955Z","12-08-2026","stk_55","Dahi (দই / Curd)","J055","","9","kg","","""2026-08-22T13:49:32.365Z""","""public"".""stock_out_entries"""
"6a89a33e3fb8c43ecce7c8e6","out_1786550309409","2026-08-12T15:58:29.409Z","12-08-2026","stk_57","Butter","J057","","1","packet","","""2026-08-22T13:49:32.365Z""","""public"".""stock_out_entries"""
"6a89a33e3fb8c43ecce7c8e7","out_1786550340078","2026-08-12T15:59:00.078Z","12-08-2026","stk_58","Amul Fresh Cream","J058","","1","packet","","""2026-08-22T13:49:32.365Z""","""public"".""stock_out_entries"""
"6a89a33e3fb8c43ecce7c8e8","out_1786550437897","2026-08-12T16:00:37.897Z","12-08-2026","stk_75","Potato (আলু)","J075","","2.5","kg","","""2026-08-22T13:49:32.365Z""","""public"".""stock_out_entries"""
"6a89a33e3fb8c43ecce7c8e9","out_1786550470763","2026-08-12T16:01:10.763Z","12-08-2026","stk_76","Onion (পেঁয়াজ)","J076","","4.5","kg","","""2026-08-22T13:49:32.365Z""","""public"".""stock_out_entries"""
"6a89a33e3fb8c43ecce7c8ea","out_1786550510815","2026-08-12T16:01:50.815Z","12-08-2026","stk_79","Capsicum","J079","","0.5","kg","","""2026-08-22T13:49:32.365Z""","""public"".""stock_out_entries"""
"6a89a33e3fb8c43ecce7c8eb","out_1786550533678","2026-08-12T16:02:13.678Z","12-08-2026","stk_80","Carrot","J080","","0.6","kg","","""2026-08-22T13:49:32.365Z""","""public"".""stock_out_entries"""
"6a89a33e3fb8c43ecce7c8ec","out_1786550560973","2026-08-12T16:02:40.973Z","12-08-2026","stk_82","Green Chilli (কাঁচা লঙ্কা)","J082","","0.4","kg","","""2026-08-22T13:49:32.365Z""","""public"".""stock_out_entries"""
"6a89a33e3fb8c43ecce7c8ed","out_1786550580492","2026-08-12T16:03:00.492Z","12-08-2026","stk_83","Tomato (টমেটো)","J083","","0.8","kg","","""2026-08-22T13:49:32.365Z""","""public"".""stock_out_entries"""
"6a89a33e3fb8c43ecce7c8ee","out_1786550617587","2026-08-12T16:03:37.587Z","12-08-2026","stk_84","Cabbage (বাঁধাকপি)","J084","","2","kg","","""2026-08-22T13:49:32.365Z""","""public"".""stock_out_entries"""
"6a89a33e3fb8c43ecce7c8ef","out_1786550640812","2026-08-12T16:04:00.813Z","12-08-2026","stk_86","Dhania Pata (Coriander)","J086","","0.4","kg","","""2026-08-22T13:49:32.365Z""","""public"".""stock_out_entries"""
"6a89a33e3fb8c43ecce7c8f0","out_1786550667848","2026-08-12T16:04:27.848Z","12-08-2026","stk_88","Cucumber (শসা)","J088","","0.5","kg","","""2026-08-22T13:49:32.365Z""","""public"".""stock_out_entries"""
"6a89a33e3fb8c43ecce7c8f1","out_1786550730851","2026-08-12T16:05:30.851Z","12-08-2026","stk_112","13x16 Carry Bag","J112","","1","packet","","""2026-08-22T13:49:32.365Z""","""public"".""stock_out_entries"""
"6a89a33e3fb8c43ecce7c8f2","out_1786550753984","2026-08-12T16:05:53.984Z","12-08-2026","stk_110","Chatni Box","J110","","1","packet","","""2026-08-22T13:49:32.365Z""","""public"".""stock_out_entries"""
"6a89a33e3fb8c43ecce7c8f3","out_1786550785861","2026-08-12T16:06:25.861Z","12-08-2026","stk_108","Tissue Paper","J108","","3","packet","","""2026-08-22T13:49:32.365Z""","""public"".""stock_out_entries"""
"6a89a33e3fb8c43ecce7c8f4","out_1786552375589","2026-08-12T16:32:55.589Z","12-08-2026","stk_46","Papad","J046","","5","packet","","""2026-08-22T13:49:32.365Z""","""public"".""stock_out_entries"""
"6a89a33e3fb8c43ecce7c8f5","out_1786634984959","2026-08-13T15:29:44.959Z","13-08-2026","stk_2","Palm Oil (পাম অয়েল)","J002","","5","packet","","""2026-08-22T13:49:32.365Z""","""public"".""stock_out_entries"""
"6a89a33e3fb8c43ecce7c8f6","out_1786635000268","2026-08-13T15:30:00.268Z","13-08-2026","stk_3","Refined Oil (রেফাইন্ড অয়েল)","J003","","1","L","","""2026-08-22T13:49:32.365Z""","""public"".""stock_out_entries"""
"6a89a33e3fb8c43ecce7c8f7","out_1786635057893","2026-08-13T15:30:57.893Z","13-08-2026","stk_5","Maida (মাইদা)","J005","","4","kg","","""2026-08-22T13:49:32.365Z""","""public"".""stock_out_entries"""
"6a89a33e3fb8c43ecce7c8f8","out_1786635076653","2026-08-13T15:31:16.653Z","13-08-2026","stk_6","Atta (আটা)","J006","","5","kg","","""2026-08-22T13:49:32.365Z""","""public"".""stock_out_entries"""
"6a89a33e3fb8c43ecce7c8f9","out_1786635109021","2026-08-13T15:31:49.021Z","13-08-2026","stk_8","Tomato Sauce (টমেটো sos)","J008","","1","packet","","""2026-08-22T13:49:32.365Z""","""public"".""stock_out_entries"""
"6a89a33e3fb8c43ecce7c8fa","out_1786635124509","2026-08-13T15:32:04.509Z","13-08-2026","stk_11","Vinegar","J011","","1","pcs","","""2026-08-22T13:49:32.365Z""","""public"".""stock_out_entries"""
"6a89a33e3fb8c43ecce7c8fb","out_1786635791766","2026-08-13T15:43:11.766Z","13-08-2026","stk_13","Kasuri Methi","J013","","1","pcs","","""2026-08-22T13:49:32.365Z""","""public"".""stock_out_entries"""
"6a89a33e3fb8c43ecce7c8fc","out_1786635804950","2026-08-13T15:43:24.950Z","13-08-2026","stk_14","Chat Masala","J014","","2","packet","","""2026-08-22T13:49:32.365Z""","""public"".""stock_out_entries"""
"6a89a33e3fb8c43ecce7c8fd","out_1786635816190","2026-08-13T15:43:36.191Z","13-08-2026","stk_15","Kashmiri Chilli Powder","J015","","2","pcs","","""2026-08-22T13:49:32.365Z""","""public"".""stock_out_entries"""
"6a89a33e3fb8c43ecce7c8fe","out_1786635841920","2026-08-13T15:44:01.921Z","13-08-2026","stk_17","Chilli Powder","J017","","5","packet","","""2026-08-22T13:49:32.365Z""","""public"".""stock_out_entries"""
"6a89a33e3fb8c43ecce7c8ff","out_1786635873478","2026-08-13T15:44:33.478Z","13-08-2026","stk_24","Red Food Color","J024","","1","box","","""2026-08-22T13:49:32.365Z""","""public"".""stock_out_entries"""
"6a89a33e3fb8c43ecce7c900","out_1786636120350","2026-08-13T15:48:40.350Z","13-08-2026","stk_124","Vim Soap / Bar (Bhim Srap)","J124","","2","pcs","","""2026-08-22T13:49:32.365Z""","""public"".""stock_out_entries"""
"6a89a33e3fb8c43ecce7c901","out_1786636188350","2026-08-13T15:49:48.350Z","13-08-2026","stk_55","Dahi (দই / Curd)","J055","","3","kg","","""2026-08-22T13:49:32.365Z""","""public"".""stock_out_entries"""
"6a89a33e3fb8c43ecce7c902","out_1786636209934","2026-08-13T15:50:09.934Z","13-08-2026","stk_57","Butter","J057","","1","packet","","""2026-08-22T13:49:32.365Z""","""public"".""stock_out_entries"""
"6a89a33e3fb8c43ecce7c903","out_1786636233302","2026-08-13T15:50:33.303Z","13-08-2026","stk_104","1000ml Container","J104","","1","pcs","","""2026-08-22T13:49:32.365Z""","""public"".""stock_out_entries"""
"6a89a33e3fb8c43ecce7c904","out_1786636254462","2026-08-13T15:50:54.462Z","13-08-2026","stk_106","750ml Container","J106","","1","pcs","","""2026-08-22T13:49:32.365Z""","""public"".""stock_out_entries"""
"6a89a33e3fb8c43ecce7c905","out_1786636299190","2026-08-13T15:51:39.190Z","13-08-2026","stk_75","Potato (আলু)","J075","","4.5","kg","","""2026-08-22T13:49:32.365Z""","""public"".""stock_out_entries"""
"6a89a33e3fb8c43ecce7c906","out_1786636345167","2026-08-13T15:52:25.167Z","13-08-2026","stk_76","Onion (পেঁয়াজ)","J076","","5","kg","","""2026-08-22T13:49:32.365Z""","""public"".""stock_out_entries"""
"6a89a33e3fb8c43ecce7c907","out_1786636363942","2026-08-13T15:52:43.942Z","13-08-2026","stk_77","Ginger (আদা)","J077","","3","kg","","""2026-08-22T13:49:32.365Z""","""public"".""stock_out_entries"""
"6a89a33e3fb8c43ecce7c908","out_1786636381430","2026-08-13T15:53:01.430Z","13-08-2026","stk_78","Garlic (রসুন)","J078","","2.5","kg","","""2026-08-22T13:49:32.365Z""","""public"".""stock_out_entries"""
"6a89a33e3fb8c43ecce7c909","out_1786636410319","2026-08-13T15:53:30.319Z","13-08-2026","stk_79","Capsicum","J079","","0.5","kg","","""2026-08-22T13:49:32.365Z""","""public"".""stock_out_entries"""
"6a89a33e3fb8c43ecce7c90a","out_1786636550198","2026-08-13T15:55:50.199Z","13-08-2026","stk_80","Carrot","J080","","0.5","kg","","""2026-08-22T13:49:32.365Z""","""public"".""stock_out_entries"""
"6a89a33e3fb8c43ecce7c90b","out_1786636570407","2026-08-13T15:56:10.407Z","13-08-2026","stk_83","Tomato (টমেটো)","J083","","0.5","kg","","""2026-08-22T13:49:32.365Z""","""public"".""stock_out_entries"""
"6a89a33e3fb8c43ecce7c90c","out_1786636600703","2026-08-13T15:56:40.703Z","13-08-2026","stk_86","Dhania Pata (Coriander)","J086","","0.5","kg","","""2026-08-22T13:49:32.365Z""","""public"".""stock_out_entries"""
"6a89a33e3fb8c43ecce7c90d","out_1786636616775","2026-08-13T15:56:56.775Z","13-08-2026","stk_88","Cucumber (শসা)","J088","","0.4","kg","","""2026-08-22T13:49:32.365Z""","""public"".""stock_out_entries"""
"6a89a33e3fb8c43ecce7c90e","out_1786642341597","2026-08-13T17:32:21.597Z","13-08-2026","stk_61","Campa Black 500ml","J061","","9","pcs","","""2026-08-22T13:49:32.365Z""","""public"".""stock_out_entries"""
"6a89a33e3fb8c43ecce7c90f","out_1786642359045","2026-08-13T17:32:39.045Z","13-08-2026","stk_64","Bisleri Water 1L","J064","","21","pcs","","""2026-08-22T13:49:32.365Z""","""public"".""stock_out_entries"""
"6a89a33e3fb8c43ecce7c910","out_1786642380764","2026-08-13T17:33:00.764Z","13-08-2026","stk_67","Bisleri Water 500ml","J067","","4","pcs","","""2026-08-22T13:49:32.365Z""","""public"".""stock_out_entries"""
"6a89a33e3fb8c43ecce7c911","out_1786686647661","2026-08-14T05:50:47.661Z","14-08-2026","stk_85","Lemon (লেবু)","J085","","50","pcs","","""2026-08-22T13:49:32.365Z""","""public"".""stock_out_entries"""
"6a89a33e3fb8c43ecce7c912","out_1786686685218","2026-08-14T05:51:25.218Z","14-08-2026","stk_85","Lemon (লেবু)","J085","","6","pcs","","""2026-08-22T13:49:32.365Z""","""public"".""stock_out_entries"""
"6a89a33e3fb8c43ecce7c913","out_1786688900841","2026-08-14T06:28:20.841Z","14-08-2026","stk_84","Cabbage (বাঁধাকপি)","J084","","0.7","kg","","""2026-08-22T13:49:32.365Z""","""public"".""stock_out_entries"""
"6a89a33e3fb8c43ecce7c914","out_1786689172529","2026-08-14T06:32:52.530Z","14-08-2026","stk_82","Green Chilli (কাঁচা লঙ্কা)","J082","","1","kg","","""2026-08-22T13:49:32.365Z""","""public"".""stock_out_entries"""
"6a89a33e3fb8c43ecce7c915","out_1786689575036","2026-08-14T06:39:35.037Z","14-08-2026","stk_52","Egg (ডিম)","J052","","5","packet","","""2026-08-22T13:49:32.365Z""","""public"".""stock_out_entries"""
"6a89a33e3fb8c43ecce7c916","out_1786689603868","2026-08-14T06:40:03.868Z","14-08-2026","stk_52","Egg (ডিম)","J052","","2","packet","","""2026-08-22T13:49:32.365Z""","""public"".""stock_out_entries"""
"6a89a33e3fb8c43ecce7c917","out_1786689641493","2026-08-14T06:40:41.493Z","14-08-2026","stk_134","plastic FOLK","J00134","","5","packet","","""2026-08-22T13:49:32.365Z""","""public"".""stock_out_entries"""
"6a89a33e3fb8c43ecce7c918","out_1786689661157","2026-08-14T06:41:01.157Z","14-08-2026","stk_5","Maida (মাইদা)","J005","","4","kg","","""2026-08-22T13:49:32.365Z""","""public"".""stock_out_entries"""
"6a89a33e3fb8c43ecce7c919","out_1786689702741","2026-08-14T06:41:42.741Z","14-08-2026","stk_7","Chowmein Noodle (চাউমিন)","J007","","4","packet","","""2026-08-22T13:49:32.365Z""","""public"".""stock_out_entries"""
"6a89a33e3fb8c43ecce7c91a","out_1786689736621","2026-08-14T06:42:16.621Z","14-08-2026","stk_57","Butter","J057","","1","packet","","""2026-08-22T13:49:32.365Z""","""public"".""stock_out_entries"""
"6a89a33e3fb8c43ecce7c91b","out_1786689754308","2026-08-14T06:42:34.308Z","14-08-2026","stk_13","Kasuri Methi","J013","","1","pcs","","""2026-08-22T13:49:32.365Z""","""public"".""stock_out_entries"""
"6a89a33e3fb8c43ecce7c91c","out_1786689784085","2026-08-14T06:43:04.085Z","14-08-2026","stk_29","Sugar","J029","","0.7","g","","""2026-08-22T13:49:32.365Z""","""public"".""stock_out_entries"""
"6a89a33e3fb8c43ecce7c91d","out_1786689800014","2026-08-14T06:43:20.014Z","14-08-2026","stk_16","Ajinomoto (Ajina)","J016","","0.5","kg","","""2026-08-22T13:49:32.365Z""","""public"".""stock_out_entries"""
"6a89a33e3fb8c43ecce7c91e","out_1786689830838","2026-08-14T06:43:50.838Z","14-08-2026","stk_51","Dhania (Coriander Seeds)","J051","","0.1","g","","""2026-08-22T13:49:32.365Z""","""public"".""stock_out_entries"""
"6a89a33e3fb8c43ecce7c91f","out_1786689851221","2026-08-14T06:44:11.221Z","14-08-2026","stk_41","Black Pepper (Gol Morich)","J041","","0.2","g","","""2026-08-22T13:49:32.365Z""","""public"".""stock_out_entries"""
"6a89a33e3fb8c43ecce7c920","out_1786697009901","2026-08-14T08:43:29.902Z","14-08-2026","stk_27","Dry Chilli","J027","","0.25","g","","""2026-08-22T13:49:32.365Z""","""public"".""stock_out_entries"""
"6a89a33e3fb8c43ecce7c921","out_1786697040654","2026-08-14T08:44:00.654Z","14-08-2026","stk_33","Mogoz (Melon Seeds)","J033","","0.6","g","","""2026-08-22T13:49:32.365Z""","""public"".""stock_out_entries"""
"6a89a33e3fb8c43ecce7c922","out_1786697125573","2026-08-14T08:45:25.573Z","14-08-2026","stk_31","Dalda / Vanaspati","J031","","2","packet","","""2026-08-22T13:49:32.365Z""","""public"".""stock_out_entries"""
"6a89a33e3fb8c43ecce7c923","out_1786697148182","2026-08-14T08:45:48.182Z","14-08-2026","stk_30","Posto (Poppy Seeds)","J030","","2","packet","","""2026-08-22T13:49:32.365Z""","""public"".""stock_out_entries"""
"6a89a33e3fb8c43ecce7c924","out_1786697167287","2026-08-14T08:46:07.287Z","14-08-2026","stk_83","Tomato (টমেটো)","J083","","2.1","kg","","""2026-08-22T13:49:32.365Z""","""public"".""stock_out_entries"""
"6a89a33e3fb8c43ecce7c925","out_1786697193174","2026-08-14T08:46:33.174Z","14-08-2026","stk_88","Cucumber (শসা)","J088","","0.3","kg","","""2026-08-22T13:49:32.365Z""","""public"".""stock_out_entries"""
"6a89a33e3fb8c43ecce7c926","out_1786697210150","2026-08-14T08:46:50.150Z","14-08-2026","stk_80","Carrot","J080","","0.2","kg","","""2026-08-22T13:49:32.365Z""","""public"".""stock_out_entries"""
"6a89a33e3fb8c43ecce7c927","out_1786698977432","2026-08-14T09:16:17.432Z","14-08-2026","stk_80","Carrot","J080","","0.5","kg","","""2026-08-22T13:49:32.365Z""","""public"".""stock_out_entries"""
"6a89a33e3fb8c43ecce7c928","out_1786698994264","2026-08-14T09:16:34.264Z","14-08-2026","stk_88","Cucumber (শসা)","J088","","0.5","kg","","""2026-08-22T13:49:32.365Z""","""public"".""stock_out_entries"""
"6a89a33e3fb8c43ecce7c929","out_1786699272600","2026-08-14T09:21:12.600Z","14-08-2026","stk_75","Potato (আলু)","J075","","2.4","kg","","""2026-08-22T13:49:32.365Z""","""public"".""stock_out_entries"""
"6a89a33e3fb8c43ecce7c92a","out_1786713920343","2026-08-14T13:25:20.344Z","14-08-2026","stk_58","Amul Fresh Cream","J058","","1","packet","","""2026-08-22T13:49:32.365Z""","""public"".""stock_out_entries"""
"6a89a33e3fb8c43ecce7c92b","out_1786724962154","2026-08-14T16:29:22.155Z","14-08-2026","stk_57","Butter","J057","","1","packet","","""2026-08-22T13:49:32.365Z""","""public"".""stock_out_entries"""
"6a89a33e3fb8c43ecce7c92c","out_1786724982490","2026-08-14T16:29:42.490Z","14-08-2026","stk_88","Cucumber (শসা)","J088","","0.5","kg","","""2026-08-22T13:49:32.365Z""","""public"".""stock_out_entries"""
"6a89a33e3fb8c43ecce7c92d","out_1786725589441","2026-08-14T16:39:49.441Z","14-08-2026","stk_2","Palm Oil (পাম অয়েল)","J002","","2","packet","","""2026-08-22T13:49:32.365Z""","""public"".""stock_out_entries"""
"6a89a33e3fb8c43ecce7c92e","out_1786728979946","2026-08-14T17:36:19.946Z","14-08-2026","stk_61","Campa Black 500ml","J061","","4","pcs","","""2026-08-22T13:49:32.365Z""","""public"".""stock_out_entries"""
"6a89a33e3fb8c43ecce7c92f","out_1786729005176","2026-08-14T17:36:45.176Z","14-08-2026","stk_71","Thums Up 500ml","J071","","4","pcs","","""2026-08-22T13:49:32.365Z""","""public"".""stock_out_entries"""
"6a89a33e3fb8c43ecce7c930","out_1786729039792","2026-08-14T17:37:19.792Z","14-08-2026","stk_64","Bisleri Water 1L","J064","","18","pcs","","""2026-08-22T13:49:32.365Z""","""public"".""stock_out_entries"""
"6a89a33e3fb8c43ecce7c931","out_1786729060743","2026-08-14T17:37:40.743Z","14-08-2026","stk_67","Bisleri Water 500ml","J067","","3","pcs","","""2026-08-22T13:49:32.365Z""","""public"".""stock_out_entries"""
"6a89a33e3fb8c43ecce7c932","out_1786729148517","2026-08-14T17:39:08.517Z","14-08-2026","stk_74","Sprite 1L","J074","","12","pcs","","""2026-08-22T13:49:32.365Z""","""public"".""stock_out_entries"""
"6a89a33e3fb8c43ecce7c933","out_1786729165684","2026-08-14T17:39:25.684Z","14-08-2026","stk_124","Vim Soap / Bar (Bhim Srap)","J124","","2","pcs","","""2026-08-22T13:49:32.365Z""","""public"".""stock_out_entries"""
"6a89a33e3fb8c43ecce7c934","out_1786730203096","2026-08-14T17:56:43.097Z","14-08-2026","stk_29","Sugar","J029","","2","g","","""2026-08-22T13:49:32.365Z""","""public"".""stock_out_entries"""
"6a89a33e3fb8c43ecce7c935","out_1786730217822","2026-08-14T17:56:57.822Z","14-08-2026","stk_42","Pure Ghee","J042","","1","box","","""2026-08-22T13:49:32.365Z""","""public"".""stock_out_entries"""
"6a89a33e3fb8c43ecce7c936","out_1786799372718","2026-08-15T13:09:32.718Z","15-08-2026","stk_1","Rice (রাইস)","J001","","1","packet","","""2026-08-22T13:49:32.365Z""","""public"".""stock_out_entries"""
"6a89a33e3fb8c43ecce7c937","out_1786799384036","2026-08-15T13:09:44.036Z","15-08-2026","stk_2","Palm Oil (পাম অয়েল)","J002","","8","packet","","""2026-08-22T13:49:32.365Z""","""public"".""stock_out_entries"""
"6a89a33e3fb8c43ecce7c938","out_1786799394452","2026-08-15T13:09:54.453Z","15-08-2026","stk_3","Refined Oil (রেফাইন্ড অয়েল)","J003","","1","L","","""2026-08-22T13:49:32.365Z""","""public"".""stock_out_entries"""
"6a89a33e3fb8c43ecce7c939","out_1786799405581","2026-08-15T13:10:05.581Z","15-08-2026","stk_4","Mustard Oil (মাস্টার অয়েল)","J004","","1","L","","""2026-08-22T13:49:32.365Z""","""public"".""stock_out_entries"""
"6a89a33e3fb8c43ecce7c93a","out_1786799427340","2026-08-15T13:10:27.340Z","15-08-2026","stk_5","Maida (মাইদা)","J005","","4","kg","","""2026-08-22T13:49:32.365Z""","""public"".""stock_out_entries"""
"6a89a33e3fb8c43ecce7c93b","out_1786799437867","2026-08-15T13:10:37.867Z","15-08-2026","stk_7","Chowmein Noodle (চাউমিন)","J007","","3","packet","","""2026-08-22T13:49:32.365Z""","""public"".""stock_out_entries"""
"6a89a33e3fb8c43ecce7c93c","out_1786799447860","2026-08-15T13:10:47.860Z","15-08-2026","stk_8","Tomato Sauce (টমেটো sos)","J008","","1","packet","","""2026-08-22T13:49:32.365Z""","""public"".""stock_out_entries"""
"6a89a33e3fb8c43ecce7c93d","out_1786799461141","2026-08-15T13:11:01.141Z","15-08-2026","stk_11","Vinegar","J011","","1","pcs","","""2026-08-22T13:49:32.365Z""","""public"".""stock_out_entries"""
"6a89a33e3fb8c43ecce7c93e","out_1786799472132","2026-08-15T13:11:12.132Z","15-08-2026","stk_13","Kasuri Methi","J013","","2","pcs","","""2026-08-22T13:49:32.365Z""","""public"".""stock_out_entries"""
"6a89a33e3fb8c43ecce7c93f","out_1786799494269","2026-08-15T13:11:34.269Z","15-08-2026","stk_23","Attar / Essence","J023","","1","pcs","","""2026-08-22T13:49:32.365Z""","""public"".""stock_out_entries"""
"6a89a33e3fb8c43ecce7c940","out_1786799520070","2026-08-15T13:12:00.070Z","15-08-2026","stk_34","Elachi (Cardamom)","J034","","0.2","g","","""2026-08-22T13:49:32.365Z""","""public"".""stock_out_entries"""
"6a89a33e3fb8c43ecce7c941","out_1786799537222","2026-08-15T13:12:17.222Z","15-08-2026","stk_36","Jaitri (Mace)","J036","","0.15","g","","""2026-08-22T13:49:32.365Z""","""public"".""stock_out_entries"""
"6a89a33e3fb8c43ecce7c942","out_1786800322024","2026-08-15T13:25:22.025Z","15-08-2026","stk_47","Kissan Tomato Sauce Pouch","J047","","1","pcs","","""2026-08-22T13:49:32.365Z""","""public"".""stock_out_entries"""
"6a89a33e3fb8c43ecce7c943","out_1786800392682","2026-08-15T13:26:32.682Z","15-08-2026","stk_54","Milk (দুধ)","J054","","3","packet","","""2026-08-22T13:49:32.365Z""","""public"".""stock_out_entries"""
"6a89a33e3fb8c43ecce7c944","out_1786800473039","2026-08-15T13:27:53.039Z","15-08-2026","stk_55","Dahi (দই / Curd)","J055","","5","packet","","""2026-08-22T13:49:32.365Z""","""public"".""stock_out_entries"""
"6a89a33e3fb8c43ecce7c945","out_1786800492862","2026-08-15T13:28:12.863Z","15-08-2026","stk_55","Dahi (দই / Curd)","J055","","2","packet","","""2026-08-22T13:49:32.365Z""","""public"".""stock_out_entries"""
"6a89a33e3fb8c43ecce7c946","out_1786800528959","2026-08-15T13:28:48.959Z","15-08-2026","stk_110","Chatni Box","J110","","1","packet","","""2026-08-22T13:49:32.365Z""","""public"".""stock_out_entries"""
"6a89a33e3fb8c43ecce7c947","out_1786800561346","2026-08-15T13:29:21.346Z","15-08-2026","stk_104","1000ml Container","J104","","1","pcs","","""2026-08-22T13:49:32.365Z""","""public"".""stock_out_entries"""
"6a89a33e3fb8c43ecce7c948","out_1786804021070","2026-08-15T14:27:01.070Z","15-08-2026","stk_124","Vim Soap / Bar (Bhim Srap)","J124","","2","pcs","","""2026-08-22T13:49:32.365Z""","""public"".""stock_out_entries"""
"6a89a33e3fb8c43ecce7c949","out_1786804840324","2026-08-15T14:40:40.324Z","15-08-2026","stk_57","Butter","J057","","1","packet","","""2026-08-22T13:49:32.365Z""","""public"".""stock_out_entries"""
"6a89a33e3fb8c43ecce7c94a","out_1786809591657","2026-08-15T15:59:51.657Z","15-08-2026","stk_75","Potato (আলু)","J075","","4.5","kg","","""2026-08-22T13:49:32.365Z""","""public"".""stock_out_entries"""
"6a89a33e3fb8c43ecce7c94b","out_1786809659792","2026-08-15T16:00:59.792Z","15-08-2026","stk_76","Onion (পেঁয়াজ)","J076","","7","kg","","""2026-08-22T13:49:32.365Z""","""public"".""stock_out_entries"""
"6a89a33e3fb8c43ecce7c94c","out_1786809678193","2026-08-15T16:01:18.193Z","15-08-2026","stk_79","Capsicum","J079","","0.7","kg","","""2026-08-22T13:49:32.365Z""","""public"".""stock_out_entries"""
"6a89a33e3fb8c43ecce7c94d","out_1786809695505","2026-08-15T16:01:35.505Z","15-08-2026","stk_80","Carrot","J080","","0.8","kg","","""2026-08-22T13:49:32.365Z""","""public"".""stock_out_entries"""
"6a89a33e3fb8c43ecce7c94e","out_1786809723920","2026-08-15T16:02:03.920Z","15-08-2026","stk_82","Green Chilli (কাঁচা লঙ্কা)","J082","","0.25","kg","","""2026-08-22T13:49:32.365Z""","""public"".""stock_out_entries"""
"6a89a33e3fb8c43ecce7c94f","out_1786809741728","2026-08-15T16:02:21.728Z","15-08-2026","stk_83","Tomato (টমেটো)","J083","","1","kg","","""2026-08-22T13:49:32.365Z""","""public"".""stock_out_entries"""
"6a89a33e3fb8c43ecce7c950","out_1786809765744","2026-08-15T16:02:45.744Z","15-08-2026","stk_86","Dhania Pata (Coriander)","J086","","0.4","kg","","""2026-08-22T13:49:32.365Z""","""public"".""stock_out_entries"""
"6a89a33e3fb8c43ecce7c951","out_1786809819888","2026-08-15T16:03:39.888Z","15-08-2026","stk_88","Cucumber (শসা)","J088","","1","kg","","""2026-08-22T13:49:32.365Z""","""public"".""stock_out_entries"""
"6a89a33e3fb8c43ecce7c952","out_1786810366655","2026-08-15T16:12:46.655Z","15-08-2026","stk_2","Palm Oil (পাম অয়েল)","J002","","3","packet","","""2026-08-22T13:49:32.365Z""","""public"".""stock_out_entries"""
"6a89a33e3fb8c43ecce7c953","out_1786811931284","2026-08-15T16:38:51.285Z","15-08-2026","stk_21","Kabuli Chana","J021","","0.5","g","","""2026-08-22T13:49:32.365Z""","""public"".""stock_out_entries"""