_id,id,category,cost_price,is_available,min_qty,name,qty,sku,supplier,unit,updated_at,_migrated_at,_migrated_from,current_stock
"6a899f963fb8c43ecce7be5d","stk_10","Bhusimal & Spices","65","true","1","Soy Sauce","5","J010","Egra Supplier","pcs","""2026-08-22T19:57:52.692Z""","""2026-08-22T13:49:25.091Z""","""public"".""stock_items""","-4"
"6a899f963fb8c43ecce7be5e","stk_46","Bhusimal & Spices","14","true","5","Papad","19","J046","Egra Supplier","packet","2026-08-21T16:27:58.452Z","""2026-08-22T13:49:25.091Z""","""public"".""stock_items""",""
"6a899f963fb8c43ecce7be5f","stk_40","Bhusimal & Spices","230","true","2","Shahi Jeera","3","J040","Egra Supplier","packet","2026-08-21T16:28:43.311Z","""2026-08-22T13:49:25.091Z""","""public"".""stock_items""",""
"6a899f973fb8c43ecce7be60","stk_24","Bhusimal & Spices","85","true","1","Red Food Color","1","J024","Egra Supplier","box","2026-08-16T15:41:46.756Z","""2026-08-22T13:49:25.091Z""","""public"".""stock_items""",""
"6a899f973fb8c43ecce7be61","stk_54","Dairy Items","30","false","2","Milk (দুধ)","1","J054","Egra Supplier","packet","2026-08-21T16:53:45.980Z","""2026-08-22T13:49:25.091Z""","""public"".""stock_items""",""
"6a899f973fb8c43ecce7be62","stk_44","Bhusimal & Spices","145","true","1","Mushroom","1","J044","Egra Supplier","box","2026-08-16T15:43:16.324Z","""2026-08-22T13:49:25.091Z""","""public"".""stock_items""",""
"6a899f973fb8c43ecce7be63","stk_77","Fresh Vegetables","160","true","1","Ginger (আদা)","1","J077","Egra Supplier","kg","2026-08-19T13:27:09.039Z","""2026-08-22T13:49:25.091Z""","""public"".""stock_items""",""
"6a899f973fb8c43ecce7be64","stk_30","Bhusimal & Spices","20","true","2","Posto (Poppy Seeds)","4","J030","Egra Supplier","packet","2026-08-19T13:16:34.704Z","""2026-08-22T13:49:25.091Z""","""public"".""stock_items""",""
"6a899f973fb8c43ecce7be65","stk_57","Dairy Items","60","true","2","Butter","2","J057","Egra Supplier","packet","2026-08-21T16:54:19.081Z","""2026-08-22T13:49:25.091Z""","""public"".""stock_items""",""
"6a899f973fb8c43ecce7be66","stk_58","Dairy Items","75","true","2","Amul Fresh Cream","7","J058","Egra Supplier","packet","2026-08-20T16:01:35.640Z","""2026-08-22T13:49:25.091Z""","""public"".""stock_items""",""
"6a899f973fb8c43ecce7be67","stk_43","Bhusimal & Spices","80","true","1","Baking Powder","0","J043","Egra Supplier","box","2026-08-05T17:32:02.903Z","""2026-08-22T13:49:25.091Z""","""public"".""stock_items""",""
"6a899f973fb8c43ecce7be68","stk_68","Cold Drinks","0","false","24","Local Mineral Water 500ml","0","J068","Egra Supplier","pcs","2026-08-07T16:23:25.504Z","""2026-08-22T13:49:25.091Z""","""public"".""stock_items""",""
"6a899f973fb8c43ecce7be69","stk_28","Bhusimal & Spices","0.13","true","200","Mouri (Fennel Seeds)","1000","J028","Egra Supplier","g","2026-08-04T15:09:13.970Z","""2026-08-22T13:49:25.091Z""","""public"".""stock_items""",""
"6a899f973fb8c43ecce7be6a","stk_32","Bhusimal & Spices","0.6","true","500","Kaju (Cashew Nuts)","2000","J032","Egra Supplier","g","2026-08-04T16:10:15.201Z","""2026-08-22T13:49:25.091Z""","""public"".""stock_items""",""
"6a899f973fb8c43ecce7be6b","stk_72","Cold Drinks","0","false","24","Thums Up 750ml","0","J072","Egra Supplier","pcs","2026-08-04T14:32:01.363Z","""2026-08-22T13:49:25.091Z""","""public"".""stock_items""",""
"6a899f973fb8c43ecce7be6c","stk_87","Fresh Vegetables","0","false","1","Pudina Pata (Mint)","0","J087","Egra Supplier","kg","2026-08-04T14:32:01.363Z","""2026-08-22T13:49:25.091Z""","""public"".""stock_items""",""
"6a899f973fb8c43ecce7be6d","stk_89","Ice Cream","0","false","20","Rs 10 Rabdi","0","J089","Egra Supplier","pcs","2026-08-04T14:32:01.363Z","""2026-08-22T13:49:25.091Z""","""public"".""stock_items""",""
"6a899f983fb8c43ecce7be6e","stk_91","Ice Cream","0","false","20","Rs 10 Bati","0","J091","Egra Supplier","pcs","2026-08-04T14:32:01.363Z","""2026-08-22T13:49:25.091Z""","""public"".""stock_items""",""
"6a899f983fb8c43ecce7be6f","stk_92","Ice Cream","0","false","20","Rs 20 Bati","0","J092","Egra Supplier","pcs","2026-08-04T14:32:01.363Z","""2026-08-22T13:49:25.091Z""","""public"".""stock_items""",""
"6a899f983fb8c43ecce7be70","stk_94","Ice Cream","0","false","20","Rs 25 Cone","0","J094","Egra Supplier","pcs","2026-08-04T14:32:01.363Z","""2026-08-22T13:49:25.091Z""","""public"".""stock_items""",""
"6a899f983fb8c43ecce7be71","stk_96","Ice Cream","0","false","20","Rs 40 Cone","0","J096","Egra Supplier","pcs","2026-08-04T14:32:01.363Z","""2026-08-22T13:49:25.091Z""","""public"".""stock_items""",""
"6a899f983fb8c43ecce7be72","stk_97","Ice Cream","0","false","20","Rs 50 Cone","0","J097","Egra Supplier","pcs","2026-08-04T14:32:01.363Z","""2026-08-22T13:49:25.091Z""","""public"".""stock_items""",""
"6a899f983fb8c43ecce7be73","stk_98","Ice Cream","0","false","15","Rs 60 Cone","0","J098","Egra Supplier","pcs","2026-08-04T14:32:01.363Z","""2026-08-22T13:49:25.091Z""","""public"".""stock_items""",""
"6a899f983fb8c43ecce7be74","stk_99","Ice Cream","0","false","15","Rs 80 Stick","0","J099","Egra Supplier","pcs","2026-08-04T14:32:01.363Z","""2026-08-22T13:49:25.091Z""","""public"".""stock_items""",""
"6a899f983fb8c43ecce7be75","stk_100","Ice Cream","0","false","10","Rs 100 Cone","0","J100","Egra Supplier","pcs","2026-08-04T14:32:01.363Z","""2026-08-22T13:49:25.091Z""","""public"".""stock_items""",""
"6a899f983fb8c43ecce7be76","stk_101","Ice Cream","0","false","5","Family Pack Ice Cream","0","J101","Egra Supplier","pcs","2026-08-04T14:32:01.363Z","""2026-08-22T13:49:25.091Z""","""public"".""stock_items""",""
"6a899f983fb8c43ecce7be77","stk_102","Ice Cream","0","false","5","1L Gallon Vanilla","0","J102","Egra Supplier","pcs","2026-08-04T14:32:01.363Z","""2026-08-22T13:49:25.091Z""","""public"".""stock_items""",""
"6a899f983fb8c43ecce7be78","stk_103","Ice Cream","0","false","5","1L Gallon Butter Scotch","0","J103","Egra Supplier","pcs","2026-08-04T14:32:01.363Z","""2026-08-22T13:49:25.091Z""","""public"".""stock_items""",""
"6a899f983fb8c43ecce7be79","stk_120","Packaging & Carry Bags","0","false","100","Foil Container","0","J120","Egra Supplier","pcs","2026-08-04T14:32:01.363Z","""2026-08-22T13:49:25.091Z""","""public"".""stock_items""",""
"6a899f983fb8c43ecce7be7a","stk_130","Cleaning & Washings","0","false","5","Bleaching Powder","0","J130","Egra Supplier","kg","2026-08-04T14:32:01.363Z","""2026-08-22T13:49:25.091Z""","""public"".""stock_items""",""
"6a899f983fb8c43ecce7be7b","stk_131","Cleaning & Washings","0","false","10","Washing Powder","0","J131","Egra Supplier","kg","2026-08-04T14:32:01.363Z","""2026-08-22T13:49:25.091Z""","""public"".""stock_items""",""
"6a899f993fb8c43ecce7be7c","stk_132","Cleaning & Washings","0","false","5","Floor Cleaner Liquid","99","J132","Egra Supplier","L","2026-08-04T14:36:50.465Z","""2026-08-22T13:49:25.091Z""","""public"".""stock_items""",""
"6a899f993fb8c43ecce7be7d","stk_62","Cold Drinks","20","true","10","Campa White 500ml","24","J062","Egra Supplier","pcs","2026-08-21T16:42:04.520Z","""2026-08-22T13:49:25.091Z""","""public"".""stock_items""",""
"6a899f993fb8c43ecce7be7e","stk_110","Packaging & Carry Bags","50","true","2","Chatni Box","7","J110","Egra Supplier","packet","2026-08-20T16:08:20.592Z","""2026-08-22T13:49:25.091Z""","""public"".""stock_items""",""
"6a899f993fb8c43ecce7be7f","stk_45","Bhusimal & Spices","70","false","1","Green Peas","1","J045","Egra Supplier","box","2026-08-19T13:32:41.670Z","""2026-08-22T13:49:25.091Z""","""public"".""stock_items""",""
"6a899f993fb8c43ecce7be80","stk_47","Bhusimal & Spices","14.5","true","50","Kissan Tomato Sauce Pouch","0","J047","Egra Supplier","pcs","2026-08-21T17:07:01.999Z","""2026-08-22T13:49:25.091Z""","""public"".""stock_items""",""
"6a899f993fb8c43ecce7be81","stk_35","Bhusimal & Spices","0.46","true","250","Long (Cloves)","80","J035","Egra Supplier","g","2026-08-21T16:29:32.222Z","""2026-08-22T13:49:25.091Z""","""public"".""stock_items""",""
"6a899f993fb8c43ecce7be82","stk_20","Bhusimal & Spices","0.14","true","500","Dal (Pulses)","0","J020","Egra Supplier","g","2026-08-19T16:16:01.133Z","""2026-08-22T13:49:25.091Z""","""public"".""stock_items""",""
"6a899f993fb8c43ecce7be83","stk_48","Bhusimal & Spices","0.8","false","10","Jaljeera Powder","0","J048","Egra Supplier","pcs","2026-08-21T17:07:27.709Z","""2026-08-22T13:49:25.091Z""","""public"".""stock_items""",""
"6a899f993fb8c43ecce7be84","stk_37","Bhusimal & Spices","0.28","true","250","Dalchini (Cinnamon)","349.68","J037","Egra Supplier","g","2026-08-19T13:14:40.793Z","""2026-08-22T13:49:25.091Z""","""public"".""stock_items""",""
"6a899f993fb8c43ecce7be85","stk_1785945130881","Cold Drinks","50","true","10","THUMSUP 1L","9","J136","","pcs","2026-08-21T16:45:01.832Z","""2026-08-22T13:49:25.091Z""","""public"".""stock_items""",""
"6a899f993fb8c43ecce7be86","stk_33","Bhusimal & Spices","0.54","true","100","Mogoz (Melon Seeds)","290","J033","Egra Supplier","g","2026-08-21T16:15:23.676Z","""2026-08-22T13:49:25.091Z""","""public"".""stock_items""",""
"6a899f993fb8c43ecce7be87","stk_124","Cleaning & Washings","5","true","5","Vim Soap / Bar (Bhim Srap)","17","J124","Egra Supplier","pcs","2026-08-20T16:21:54.458Z","""2026-08-22T13:49:25.091Z""","""public"".""stock_items""",""
"6a899f993fb8c43ecce7be88","stk_31","Bhusimal & Spices","15","true","2","Dalda / Vanaspati","4","J031","Egra Supplier","packet","2026-08-21T16:18:47.982Z","""2026-08-22T13:49:25.091Z""","""public"".""stock_items""",""
"6a899f993fb8c43ecce7be89","stk_22","Bhusimal & Spices","0.1","true","500","Mix Dal","3000","J022","Egra Supplier","g","2026-08-21T16:19:10.157Z","""2026-08-22T13:49:25.091Z""","""public"".""stock_items""",""
"6a899f993fb8c43ecce7be8a","stk_82","Fresh Vegetables","80","true","1","Green Chilli (কাঁচা লঙ্কা)","1.75","J082","Egra Supplier","kg","2026-08-19T13:21:37.643Z","""2026-08-22T13:49:25.091Z""","""public"".""stock_items""",""
"6a899f9a3fb8c43ecce7be8b","stk_4","Bhusimal & Spices","180","true","1","Mustard Oil (মাস্টার অয়েল)","1","J004","Egra Supplier","L","2026-08-20T15:14:22.970Z","""2026-08-22T13:49:25.091Z""","""public"".""stock_items""",""
"6a899f9a3fb8c43ecce7be8c","stk_12","Bhusimal & Spices","62","true","2","Corn Flour","7","J012","Egra Supplier","kg","2026-08-20T15:15:40.024Z","""2026-08-22T13:49:25.091Z""","""public"".""stock_items""",""
"6a899f9a3fb8c43ecce7be8d","stk_27","Bhusimal & Spices","0.3","true","250","Dry Chilli","300","J027","Egra Supplier","g","2026-08-21T16:32:43.807Z","""2026-08-22T13:49:25.091Z""","""public"".""stock_items""",""
"6a899f9a3fb8c43ecce7be8e","stk_9","Bhusimal & Spices","33.6","true","2","Chili Sauce","21","J009","Egra Supplier","pcs","2026-08-21T15:48:35.902Z","""2026-08-22T13:49:25.091Z""","""public"".""stock_items""",""
"6a899f9a3fb8c43ecce7be8f","stk_25","Bhusimal & Spices","85","true","1","Yellow Food Color","3","J025","Egra Supplier","box","2026-08-21T16:34:14.255Z","""2026-08-22T13:49:25.091Z""","""public"".""stock_items""",""
"6a899f9a3fb8c43ecce7be90","stk_26","Bhusimal & Spices","85","true","1","Green Food Color","1","J026","Egra Supplier","box","2026-08-21T16:34:30.760Z","""2026-08-22T13:49:25.091Z""","""public"".""stock_items""",""
"6a899f9a3fb8c43ecce7be91","stk_17","Bhusimal & Spices","18.75","true","20","Chilli Powder","15","J017","Egra Supplier","packet","2026-08-21T16:48:49.080Z","""2026-08-22T13:49:25.091Z""","""public"".""stock_items""",""
"6a899f9a3fb8c43ecce7be92","stk_34","Bhusimal & Spices","3.1","true","250","Elachi (Cardamom)","180","J034","Egra Supplier","g","2026-08-21T16:50:15.430Z","""2026-08-22T13:49:25.091Z""","""public"".""stock_items""",""
"6a899f9a3fb8c43ecce7be93","stk_36","Bhusimal & Spices","2.58","true","250","Jaitri (Mace)","230","J036","Egra Supplier","g","2026-08-21T16:50:50.366Z","""2026-08-22T13:49:25.091Z""","""public"".""stock_items""",""
"6a899f9a3fb8c43ecce7be94","stk_134","Packaging & Carry Bags","0","false","10","plastic FOLK","0","J00134","Egra Supplier","packet","2026-08-19T15:57:30.874Z","""2026-08-22T13:49:25.091Z""","""public"".""stock_items""",""
"6a899f9a3fb8c43ecce7be95","stk_1","Bhusimal & Spices","2574","false","2","Rice (রাইস)","3","J001","Egra Supplier","packet","2026-08-20T15:13:56.082Z","""2026-08-22T13:49:25.091Z""","""public"".""stock_items""",""
"6a899f9a3fb8c43ecce7be96","stk_6","Bhusimal & Spices","44","true","5","Atta (আটা)","10","J006","Egra Supplier","kg","2026-08-19T13:02:21.917Z","""2026-08-22T13:49:25.091Z""","""public"".""stock_items""",""
"6a899f9a3fb8c43ecce7be97","stk_3","Bhusimal & Spices","120","false","1","Refined Oil (রেফাইন্ড অয়েল)","0","J003","Egra Supplier","L","2026-08-19T13:24:57.648Z","""2026-08-22T13:49:25.091Z""","""public"".""stock_items""",""
"6a899f9a3fb8c43ecce7be98","stk_18","Bhusimal & Spices","12.5","true","5","Haldi (Turmeric Powder)","37","J018","Egra Supplier","packet","2026-08-21T15:55:04.254Z","""2026-08-22T13:49:25.091Z""","""public"".""stock_items""",""
"6a899f9a3fb8c43ecce7be99","stk_41","Bhusimal & Spices","0.78","true","250","Black Pepper (Gol Morich)","0","J041","Egra Supplier","g","2026-08-21T16:35:12.234Z","""2026-08-22T13:49:25.091Z""","""public"".""stock_items""",""
"6a899f9b3fb8c43ecce7be9a","stk_2","Bhusimal & Spices","107","true","20","Palm Oil (পাম অয়েল)","24","J002","Egra Supplier","packet","2026-08-21T16:47:12.795Z","""2026-08-22T13:49:25.091Z""","""public"".""stock_items""",""
"6a899f9b3fb8c43ecce7be9b","stk_21","Bhusimal & Spices","0.16","true","500","Kabuli Chana","0","J021","Egra Supplier","g","2026-08-21T16:49:24.831Z","""2026-08-22T13:49:25.091Z""","""public"".""stock_items""",""
"6a899f9b3fb8c43ecce7be9c","stk_38","Bhusimal & Spices","0.78","true","250","Starful (Star Anise)","110","J038","Egra Supplier","g","2026-08-21T16:51:06.404Z","""2026-08-22T13:49:25.091Z""","""public"".""stock_items""",""
"6a899f9b3fb8c43ecce7be9d","stk_19","Bhusimal & Spices","0.23","true","500","Jeera (Cumin Seeds)","1200","J019","Egra Supplier","g","2026-08-21T16:52:21.019Z","""2026-08-22T13:49:25.091Z""","""public"".""stock_items""",""
"6a899f9b3fb8c43ecce7be9e","stk_133","Packaging & Carry Bags","27.5","false","10","thermal copy","33","J00133","Egra Supplier","pcs","2026-08-05T15:24:33.243Z","""2026-08-22T13:49:25.091Z""","""public"".""stock_items""",""
"6a899f9b3fb8c43ecce7be9f","stk_1785945217892","Packaging & Carry Bags","25","true","1","STRO","2","J137","","packet","2026-08-05T15:53:37.892Z","""2026-08-22T13:49:25.091Z""","""public"".""stock_items""",""
"6a899f9b3fb8c43ecce7bea0","stk_66","Cold Drinks","0","false","24","Kinley Water 500ml","0","J066","Egra Supplier","pcs","2026-08-04T14:32:01.363Z","""2026-08-22T13:49:25.091Z""","""public"".""stock_items""",""
"6a899f9b3fb8c43ecce7bea1","stk_56","Dairy Items","40","true","150","Paneer (পনির)","900.25","J056","Egra Supplier","g","2026-08-19T16:41:20.415Z","""2026-08-22T13:49:25.091Z""","""public"".""stock_items""",""
"6a899f9b3fb8c43ecce7bea2","stk_7","Bhusimal & Spices","10.4","true","20","Chowmein Noodle (চাউমিন)","51","J007","Egra Supplier","packet","2026-08-20T15:14:47.017Z","""2026-08-22T13:49:25.091Z""","""public"".""stock_items""",""
"6a899f9b3fb8c43ecce7bea3","stk_71","Cold Drinks","30","false","10","Thums Up 500ml","18","J071","Egra Supplier","pcs","2026-08-21T17:46:12.790Z","""2026-08-22T13:49:25.091Z""","""public"".""stock_items""",""
"6a899f9b3fb8c43ecce7bea4","stk_64","Cold Drinks","20","true","35","Bisleri Water 1L","143","J064","Egra Supplier","pcs","2026-08-21T17:46:40.815Z","""2026-08-22T13:49:25.091Z""","""public"".""stock_items""",""
"6a899f9b3fb8c43ecce7bea5","stk_11","Bhusimal & Spices","45","true","2","Vinegar","2","J011","Egra Supplier","pcs","2026-08-20T15:15:21.856Z","""2026-08-22T13:49:25.091Z""","""public"".""stock_items""",""
"6a899f9b3fb8c43ecce7bea6","stk_67","Cold Drinks","10","true","20","Bisleri Water 500ml","69","J067","Egra Supplier","pcs","2026-08-21T17:47:02.145Z","""2026-08-22T13:49:25.091Z""","""public"".""stock_items""",""
"6a899f9b3fb8c43ecce7bea7","stk_51","Bhusimal & Spices","0.18","true","250","Dhania (Coriander Seeds)","1499.6","J051","Egra Supplier","g","2026-08-16T15:43:39.157Z","""2026-08-22T13:49:25.091Z""","""public"".""stock_items""",""
"6a899f9b3fb8c43ecce7bea8","stk_53","Bhusimal & Spices","35","false","5","Staff Rice","13.9","J053","Egra Supplier","kg","2026-08-20T16:15:24.616Z","""2026-08-22T13:49:25.091Z""","""public"".""stock_items""",""
"6a899f9c3fb8c43ecce7bea9","stk_16","Bhusimal & Spices","180","true","2","Ajinomoto (Ajina)","4","J016","Egra Supplier","kg","2026-08-21T15:53:28.475Z","""2026-08-22T13:49:25.091Z""","""public"".""stock_items""",""
"6a899f9c3fb8c43ecce7beaa","stk_49","Bhusimal & Spices","25","true","1","Black Salt (Bit Nun)","1","J049","Egra Supplier","kg","2026-08-21T16:13:16.240Z","""2026-08-22T13:49:25.091Z""","""public"".""stock_items""",""
"6a899f9c3fb8c43ecce7beab","stk_15","Bhusimal & Spices","52","true","1","Kashmiri Chilli Powder","2","J015","Egra Supplier","pcs","2026-08-21T16:30:32.673Z","""2026-08-22T13:49:25.091Z""","""public"".""stock_items""",""
"6a899f9c3fb8c43ecce7beac","stk_60","Cold Drinks","10","true","10","Campa White 100ml","9","J060","Egra Supplier","pcs","2026-08-21T16:39:21.043Z","""2026-08-22T13:49:25.091Z""","""public"".""stock_items""",""
"6a899f9c3fb8c43ecce7bead","stk_61","Cold Drinks","20","false","10","Campa Black 500ml","15","J061","Egra Supplier","pcs","2026-08-21T16:40:07.013Z","""2026-08-22T13:49:25.091Z""","""public"".""stock_items""",""
"6a899f9c3fb8c43ecce7beae","stk_69","Cold Drinks","20","false","10","Kinley Soda","36","J069","Egra Supplier","pcs","2026-08-21T16:43:58.297Z","""2026-08-22T13:49:25.091Z""","""public"".""stock_items""",""
"6a899f9c3fb8c43ecce7beaf","stk_5","Bhusimal & Spices","36.4","true","10","Maida (মাইদা)","4.5","J005","Egra Supplier","kg","2026-08-21T16:47:32.115Z","""2026-08-22T13:49:25.091Z""","""public"".""stock_items""",""
"6a899f9d3fb8c43ecce7beb0","stk_8","Bhusimal & Spices","33.6","true","5","Tomato Sauce (টমেটো sos)","13","J008","Egra Supplier","packet","2026-08-21T16:47:51.416Z","""2026-08-22T13:49:25.091Z""","""public"".""stock_items""",""
"6a899f9d3fb8c43ecce7beb1","stk_13","Bhusimal & Spices","12.5","true","5","Kasuri Methi","17","J013","Egra Supplier","pcs","2026-08-21T16:48:08.793Z","""2026-08-22T13:49:25.091Z""","""public"".""stock_items""",""
"6a899f9d3fb8c43ecce7beb2","stk_14","Bhusimal & Spices","40","true","2","Chat Masala","7","J014","Egra Supplier","packet","2026-08-21T16:48:21.748Z","""2026-08-22T13:49:25.091Z""","""public"".""stock_items""",""
"6a899f9d3fb8c43ecce7beb3","stk_50","Bhusimal & Spices","10.4","true","5","Regular Salt","25","J050","Egra Supplier","pcs","2026-08-04T16:24:26.226Z","""2026-08-22T13:49:25.091Z""","""public"".""stock_items""",""
"6a899f9d3fb8c43ecce7beb4","stk_39","Bhusimal & Spices","0.8","true","50","Rose Petals","250","J039","Egra Supplier","g","2026-08-21T16:51:25.150Z","""2026-08-22T13:49:25.091Z""","""public"".""stock_items""",""
"6a899f9d3fb8c43ecce7beb5","stk_55","Dairy Items","80","false","2","Dahi (দই / Curd)","1","J055","Egra Supplier","packet","2026-08-21T16:54:05.773Z","""2026-08-22T13:49:25.091Z""","""public"".""stock_items""",""
"6a899f9d3fb8c43ecce7beb6","stk_29","Bhusimal & Spices","52","true","1","Sugar","0","J029","Egra Supplier","g","2026-08-21T17:02:10.815Z","""2026-08-22T13:49:25.091Z""","""public"".""stock_items""",""
"6a899f9d3fb8c43ecce7beb7","stk_63","Cold Drinks","0","false","24","Kinley Water 1L","0","J063","Egra Supplier","pcs","2026-08-07T12:47:47.612Z","""2026-08-22T13:49:25.091Z""","""public"".""stock_items""",""
"6a899f9e3fb8c43ecce7beb8","stk_65","Cold Drinks","0","false","24","Local Mineral Water 1L","0","J065","Egra Supplier","pcs","2026-08-04T14:32:01.363Z","""2026-08-22T13:49:25.091Z""","""public"".""stock_items""",""
"6a899f9e3fb8c43ecce7beb9","stk_59","Dairy Items","145","false","3","Cheese Block / Slice","8","J059","Egra Supplier","pcs","2026-08-04T16:35:16.346Z","""2026-08-22T13:49:25.091Z""","""public"".""stock_items""",""
"6a899fa03fb8c43ecce7beba","stk_70","Cold Drinks","20","false","10","Bisleri Soda","0","J070","Egra Supplier","pcs","2026-08-05T15:50:42.580Z","""2026-08-22T13:49:25.091Z""","""public"".""stock_items""",""
"6a899fa03fb8c43ecce7bebb","stk_104","Packaging & Carry Bags","7.5","true","100","1000ml Container","150","J104","Egra Supplier","pcs","2026-08-19T16:59:19.205Z","""2026-08-22T13:49:25.091Z""","""public"".""stock_items""",""
"6a899fa03fb8c43ecce7bebc","stk_79","Fresh Vegetables","80","true","1","Capsicum","0","J079","Egra Supplier","kg","2026-08-22T05:03:03.140Z","""2026-08-22T13:49:25.091Z""","""public"".""stock_items""",""
"6a899fa03fb8c43ecce7bebd","stk_88","Fresh Vegetables","40","true","1","Cucumber (শসা)","3.4","J088","Egra Supplier","kg","2026-08-22T05:03:25.533Z","""2026-08-22T13:49:25.091Z""","""public"".""stock_items""",""
"6a899fa03fb8c43ecce7bebe","stk_117","Packaging & Carry Bags","120","true","1","9x12 SP Pouch","1","J117","Egra Supplier","packet","2026-08-20T16:06:50.288Z","""2026-08-22T13:49:25.091Z""","""public"".""stock_items""",""
"6a899fa13fb8c43ecce7bebf","stk_112","Packaging & Carry Bags","55","true","3","13x16 Carry Bag","14","J112","Egra Supplier","packet","2026-08-20T16:07:10.936Z","""2026-08-22T13:49:25.091Z""","""public"".""stock_items""",""
"6a899fa13fb8c43ecce7bec0","stk_106","Packaging & Carry Bags","6.5","true","100","750ml Container","448","J106","Egra Supplier","pcs","2026-08-20T16:11:39.568Z","""2026-08-22T13:49:25.091Z""","""public"".""stock_items""",""
"6a899fa13fb8c43ecce7bec1","stk_115","Packaging & Carry Bags","450","false","1","Cling Wrap (Clean Tape)","0","J115","Egra Supplier","pcs","2026-08-19T13:18:52.213Z","""2026-08-22T13:49:25.091Z""","""public"".""stock_items""",""
"6a899fa13fb8c43ecce7bec2","stk_52","Bhusimal & Spices","200","true","3","Egg (ডিম)","-2","J052","Egra Supplier","packet","2026-08-21T16:53:25.841Z","""2026-08-22T13:49:25.091Z""","""public"".""stock_items""",""
"6a899fa13fb8c43ecce7bec3","stk_75","Fresh Vegetables","15","true","8","Potato (আলু)","20.3","J075","Egra Supplier","kg","2026-08-21T16:54:42.804Z","""2026-08-22T13:49:25.091Z""","""public"".""stock_items""",""
"6a899fa13fb8c43ecce7bec4","stk_80","Fresh Vegetables","40","true","1","Carrot","1.1","J080","Egra Supplier","kg","2026-08-21T16:56:40.702Z","""2026-08-22T13:49:25.091Z""","""public"".""stock_items""",""
"6a899fa13fb8c43ecce7bec5","stk_86","Fresh Vegetables","100","true","1","Dhania Pata (Coriander)","1.2","J086","Egra Supplier","kg","2026-08-21T16:58:38.450Z","""2026-08-22T13:49:25.091Z""","""public"".""stock_items""",""
"6a899fa13fb8c43ecce7bec6","stk_116","Packaging & Carry Bags","70","true","1","7x9 SP Pouch","4","J116","Egra Supplier","packet","2026-08-11T14:38:08.672Z","""2026-08-22T13:49:25.091Z""","""public"".""stock_items""",""
"6a899fa13fb8c43ecce7bec7","stk_42","Bhusimal & Spices","590","true","1","Pure Ghee","0","J042","Egra Supplier","box","2026-08-14T17:56:57.822Z","""2026-08-22T13:49:25.091Z""","""public"".""stock_items""",""
"6a899fa13fb8c43ecce7bec8","stk_105","Packaging & Carry Bags","3.4","false","100","750ml Silver Container","500","J105","Egra Supplier","pcs","2026-08-05T15:15:56.169Z","""2026-08-22T13:49:25.091Z""","""public"".""stock_items""",""
"6a899fa13fb8c43ecce7bec9","stk_107","Packaging & Carry Bags","5","false","100","500ml Container","150","J107","Egra Supplier","pcs","2026-08-05T15:16:26.785Z","""2026-08-22T13:49:25.091Z""","""public"".""stock_items""",""
"6a899fa13fb8c43ecce7beca","stk_23","Bhusimal & Spices","46.6","true","2","Attar / Essence","3","J023","Egra Supplier","pcs","2026-08-15T13:11:34.270Z","""2026-08-22T13:49:25.091Z""","""public"".""stock_items""",""
"6a899fa13fb8c43ecce7becb","stk_114","Packaging & Carry Bags","400","false","0.1","Rubber Band Big (Gardar)","0.25","J114","Egra Supplier","kg","2026-08-05T15:19:20.330Z","""2026-08-22T13:49:25.091Z""","""public"".""stock_items""",""
"6a899fa13fb8c43ecce7becc","stk_113","Packaging & Carry Bags","400","false","0.1","Rubber Band Small (Gardar)","0.25","J113","Egra Supplier","kg","2026-08-05T15:19:08.535Z","""2026-08-22T13:49:25.091Z""","""public"".""stock_items""",""
"6a899fa13fb8c43ecce7becd","stk_118","Packaging & Carry Bags","65","true","1","6x8 SP Pouch","2","J118","Egra Supplier","pcs","2026-08-11T14:38:23.370Z","""2026-08-22T13:49:25.091Z""","""public"".""stock_items""",""
"6a899fa23fb8c43ecce7bece","stk_111","Packaging & Carry Bags","85","true","2","16x20 Carry Bag","9","J111","Egra Supplier","packet","2026-08-11T14:38:38.464Z","""2026-08-22T13:49:25.091Z""","""public"".""stock_items""",""
"6a899fa23fb8c43ecce7becf","stk_121","Packaging & Carry Bags","380","false","1","Silver Roll Foil","1","J121","Egra Supplier","packet","2026-08-05T15:20:46.883Z","""2026-08-22T13:49:25.091Z""","""public"".""stock_items""",""
"6a899fa23fb8c43ecce7bed0","stk_122","Packaging & Carry Bags","154","false","1","plastic Hand Gloves","2","J122","Egra Supplier","packet","2026-08-05T15:21:28.363Z","""2026-08-22T13:49:25.091Z""","""public"".""stock_items""",""
"6a899fa23fb8c43ecce7bed1","stk_119","Packaging & Carry Bags","130","false","1","Plastic Spoon","2","J119","Egra Supplier","packet","2026-08-05T15:47:02.934Z","""2026-08-22T13:49:25.091Z""","""public"".""stock_items""",""
"6a899fa23fb8c43ecce7bed2","stk_123","Packaging & Carry Bags","80","false","1","Chef Cap","2","J123","Egra Supplier","packet","2026-08-05T15:21:59.399Z","""2026-08-22T13:49:25.091Z""","""public"".""stock_items""",""
"6a899fa23fb8c43ecce7bed3","stk_1785942899649","Packaging & Carry Bags","314","true","1","rabar hand glove","3","J135","","packet","2026-08-05T15:14:59.649Z","""2026-08-22T13:49:25.091Z""","""public"".""stock_items""",""
"6a899fa23fb8c43ecce7bed4","stk_73","Cold Drinks","30","true","10","Sprite 500ml","28","J073","Egra Supplier","pcs","2026-08-14T17:38:34.207Z","""2026-08-22T13:49:25.091Z""","""public"".""stock_items""",""
"6a899fa23fb8c43ecce7bed5","stk_108","Packaging & Carry Bags","15","true","5","Tissue Paper","17","J108","Egra Supplier","packet","2026-08-12T16:06:25.861Z","""2026-08-22T13:49:25.091Z""","""public"".""stock_items""",""
"6a899fa23fb8c43ecce7bed6","stk_125","Cleaning & Washings","200","false","1","Vim Liquid Dishwash","2","J125","Egra Supplier","packet","2026-08-05T16:50:30.433Z","""2026-08-22T13:49:25.091Z""","""public"".""stock_items""",""
"6a899fa23fb8c43ecce7bed7","stk_74","Cold Drinks","0","false","24","Sprite 1L","0","J074","Egra Supplier","pcs","2026-08-14T17:39:08.517Z","""2026-08-22T13:49:25.091Z""","""public"".""stock_items""",""
"6a899fa23fb8c43ecce7bed8","stk_126","Cleaning & Washings","80","false","2","Surf Excel Detergent","3","J126","Egra Supplier","packet","2026-08-05T16:42:50.274Z","""2026-08-22T13:49:25.091Z""","""public"".""stock_items""",""
"6a899fa23fb8c43ecce7bed9","stk_127","Cleaning & Washings","100","false","1","Hand Wash Liquid","2","J127","Egra Supplier","packet","2026-08-05T16:45:30.748Z","""2026-08-22T13:49:25.091Z""","""public"".""stock_items""",""
"6a899fa23fb8c43ecce7beda","stk_128","Cleaning & Washings","130","false","1","Harpic Toilet Cleaner","1","J128","Egra Supplier","packet","2026-08-05T16:50:13.538Z","""2026-08-22T13:49:25.091Z""","""public"".""stock_items""",""
"6a899fa23fb8c43ecce7bedb","stk_129","Cleaning & Washings","90","false","1","Phenyl (Finaile)","1","J129","Egra Supplier","packet","2026-08-05T16:49:51.761Z","""2026-08-22T13:49:25.091Z""","""public"".""stock_items""",""
"6a899fa33fb8c43ecce7bedc","stk_90","Ice Cream","0","false","20","Rs 10 Cone","0","J090","Egra Supplier","pcs","2026-08-06T17:21:30.634Z","""2026-08-22T13:49:25.091Z""","""public"".""stock_items""",""
"6a899fa33fb8c43ecce7bedd","stk_95","Ice Cream","0","false","20","Rs 30 Cone","0","J095","Egra Supplier","pcs","2026-08-06T17:22:33.610Z","""2026-08-22T13:49:25.091Z""","""public"".""stock_items""",""
"6a899fa33fb8c43ecce7bede","stk_93","Ice Cream","0","false","20","Rs 20 Stick","0","J093","Egra Supplier","pcs","2026-08-06T17:36:18.897Z","""2026-08-22T13:49:25.091Z""","""public"".""stock_items""",""
"6a899fa33fb8c43ecce7bedf","stk_85","Fresh Vegetables","2","true","15","Lemon (লেবু)","30","J085","Egra Supplier","pcs","2026-08-19T15:44:18.856Z","""2026-08-22T13:49:25.091Z""","""public"".""stock_items""",""
"6a899fa33fb8c43ecce7bee0","stk_109","Packaging & Carry Bags","27","false","2","Raita Pouch","9","J109","Egra Supplier","packet","2026-08-20T16:08:02.547Z","""2026-08-22T13:49:25.091Z""","""public"".""stock_items""",""
"6a899fa33fb8c43ecce7bee1","stk_1785945290174","Cold Drinks","20","true","5","CAMPA JEERA","0","J138","","pcs","2026-08-21T16:46:27.208Z","""2026-08-22T13:49:25.091Z""","""public"".""stock_items""",""
"6a899fa33fb8c43ecce7bee2","stk_76","Fresh Vegetables","33","true","12","Onion (পেঁয়াজ)","27.2","J076","Egra Supplier","kg","2026-08-21T16:54:55.979Z","""2026-08-22T13:49:25.091Z""","""public"".""stock_items""",""
"6a899fa33fb8c43ecce7bee3","stk_83","Fresh Vegetables","40","true","1","Tomato (টমেটো)","2.25","J083","Egra Supplier","kg","2026-08-21T16:56:57.708Z","""2026-08-22T13:49:25.091Z""","""public"".""stock_items""",""
"6a899fa33fb8c43ecce7bee4","stk_84","Fresh Vegetables","30","true","2","Cabbage (বাঁধাকপি)","3.48","J084","Egra Supplier","kg","2026-08-21T16:57:30.507Z","""2026-08-22T13:49:25.091Z""","""public"".""stock_items""",""
"6a899fa33fb8c43ecce7bee5","stk_78","Fresh Vegetables","150","true","1","Garlic (রসুন)","2.3","J078","Egra Supplier","kg","2026-08-19T13:27:24.882Z","""2026-08-22T13:49:25.091Z""","""public"".""stock_items""",""
"6a899fa43fb8c43ecce7bee6","stk_81","Fresh Vegetables","60","true","1","Beans","0.4","J081","Egra Supplier","kg","2026-08-19T13:30:17.066Z","""2026-08-22T13:49:25.091Z""","""public"".""stock_items""",""